OPIS Truckstop ID,Truckstop Name,Address,City,State,Rack ID,Retail Price,Latitude,Longitude
7,WOODSHED OF BIG CABIN,"I-44, EXIT 283 & US-69",Big Cabin,OK,307,3.00733333,36.5379046,-95.2221031
9,KWIK TRIP #796,"I-94, EXIT 143 & US-12 & SR-21",Tomah,WI,420,3.28733333,43.9860142,-90.5055223
20,PILOT TRAVEL CENTER #1243,"I-8, EXIT 119 & SR-85",Gila Bend,AZ,930,3.899,32.9607214,-112.6734237
28,LITTLEFIELD EXPRESS #2,"I-540, EXIT 12 & US-71",Fort Smith,AR,645,3.399,60.0057678,-111.876779
35,ACI TRUCK STOP,US-46,Columbia,NJ,90,3.079,40.9257935,-75.0941913
44,CIRCLE K #2612042,"I-35,  EXIT 271",Jarrell,TX,595,2.919,30.8249094,-97.604454
46,PETRO STOPPING CENTER #348,"I-85,  EXIT 22 & CR-138",Shorter,AL,720,3.154,32.4033048,-85.9537234
49,TA SEYMOUR TRAVEL CENTER,"I-65, EXIT 50 & US-50 & US-31",Seymour,IN,415,3.959,38.9550234,-85.9069918
50,TA COUNCIL BLUFFS TRAVEL CENTER,"I-29 & I-80, EXIT 3",Council Bluffs,IA,319,3.72566666,41.26109,-95.7607267
56,TOPS TRUCK STOP,"I-94, EXIT 182 & US-83",Sterling,ND,390,3.51566666,46.8010572,-100.2821116
75,Good 2 Go #709,US-50,Montrose,CO,810,3.424,38.4781927,-107.876277
77,OASIS TRAVEL PLAZA,US-13,Laurel,DE,243,3.229,-24.5628628,-54.9579856
79,DELAWARE TRUCK PLAZA,US-13 & US-40,New Castle,DE,243,3.249,39.6620572,-75.5663132
81,One9 #89,"I-75, EXIT 224",Ellenton,FL,225,3.439,27.5262425,-82.5214628
85,DOWNIEVILLE FUEL STOP,"I-70, EXIT 234",Dumont,CO,800,3.459,39.7659501,-105.605223
105,TA SAGINAW I 75 TRAVEL CENTER,"I-75, EXIT 144-B",Bridgeport,MI,260,3.269,43.3567292,-83.868943
118,Lupton Truck Stop #567,"I-40, EXIT 359",Lupton,AZ,580,3.299,35.3388139,-109.0701978
121,PETRO STOPPING CENTER #306,"I-10, EXIT 200",Eloy,AZ,930,3.474,32.8166837,-111.5200433
127,CIRCLE K #4700095,US-41,Henderson,KY,340,3.609,37.8367513,-87.5907631
128,THE EFFINGHAM CHROME SHOP,"I-57 & I-70, EXIT 159",Effingham,IL,510,3.399,39.1201433,-88.54348
135,LOVES TRAVEL STOP #766,"I-80, EXIT 27",Atkinson,IL,290,3.589,41.4373364,-90.0106148
147,SPEEDWAY #8039,"I-69, EXIT 234 & SR-67",Daleville,IN,375,3.624,40.1221435,-85.5572882
149,RAYS TRUCK WASH,"I-69, EXIT 309 & US-30",Fort Wayne,IN,370,3.59233333,41.0849699,-85.1365982
151,CUBBYS #2101,"I-80, EXIT 211 & SR-47",Gothenburg,NE,475,3.13233333,40.9531052,-100.200899
159,PILOT TRAVEL CENTER #87,"I-10, EXIT 343",Jacksonville,FL,75,3.859,30.3654471,-81.7239258
174,Hop-In Food Stores,US-59 & SR-224,Nacogdoches,TX,618,2.859,31.6037322,-94.6559702
184,SAPP BROS TRAVEL CENTER,"I-29 & I-80, EXIT 1B",Council Bluffs,IA,486,3.719,41.26109,-95.7607267
186,COFFEE CUP FUEL STOP #5,"I-90, EXIT 154 & US-16",Moorcroft,WY,822,3.239,44.2685087,-104.9460352
187,DUDLEYS CORNER,"I-35, EXIT 165 & SR-3",Latimer,IA,433,3.23233333,42.7620665,-93.362377
191,KUM & GO #0302,"I-35, EXIT 193 & SR 106",Clear Lake,IA,433,3.18566666,43.1250127,-93.4161185
192,Brew Stuart Truckstop,"I-80, EXIT 93",Stuart,IA,320,3.099,41.5010523,-94.3130215
195,PETRO STOPPING CENTER #311,"I-40 & I-55, EXIT 280",West Memphis,AR,435,3.36733333,35.1362025,-90.2342623
198,SINCLAIR,"I-76, EXIT 115",Atwood,CO,800,3.299,43.6940331,-81.0024946
199,PETRO STOPPING CENTER #366,"I-70, EXIT 252",Salina,KS,523,3.80566666,38.7927541,-97.6548661
207,MARATHON,SR-32,Sardinia,OH,300,3.56566666,39.0167516,-83.8069523
216,CIRCLE K #2721593,"I-10, EXIT 50",Ocean Springs,MS,715,3.41566666,30.4107544,-88.8153483
217,NORTH 9TH 24/7,"I-70, EXIT 252",Salina,KS,523,3.02566666,38.7927541,-97.6548661
231,DERBY CITYS TRUCK PLAZA,"I-75, EXIT 62 & US-25",Mount Vernon,KY,410,2.999,38.1898445,-84.5560157
235,PILOT TRAVEL CENTERS #92,"I-75, EXIT 358",Ocala,FL,225,3.359,29.1755976,-82.2245368
240,LA 1 SOUTH TRUCKSTOP,"I-10, EXIT 153 & SR-1",Port Allen,LA,600,3.039,30.4529684,-91.2003856
244,BIG D TRUCK TRAVEL PLAZA,"I-10, EXIT 92 & SR-95",Duson,LA,725,2.98233333,30.2356378,-92.17796
248,Mardi Gras Truck Stop,"I-10, EXIT 236",New Orleans,LA,725,3.729,29.9461665,-90.0784417
250,GOLDEN OX TRUCK STOP,"I-70/US-40, EXIT 159 & US-183",Hays,KS,523,3.499,38.8706832,-99.3442115
253,LOVES TRAVEL STOP #450,"I-40, EXIT 280 & I-55, EXIT 4",West Memphis,AR,435,3.32566666,35.1362025,-90.2342623
256,BFS FOODS #66,"I-68/US-40, EXIT 22 & US-219",Grantsville,MD,165,3.899,39.6981407,-79.1560057
257,PILOT TRAVEL CENTER #917- TOWN PUMP,I-15 & 31ST STREET EXIT 277,Great Falls,MT,815,3.63566666,47.5100103,-111.2537806
263,CASEYS #3956,I-94 EXIT 16,Bridgman,MI,465,3.559,41.9377867,-86.5457749
267,CORNER MARKET #117,SR-154 & SR-129,Dodge City,KS,357,3.399,37.7523983,-100.0162311
269,PILOT TRAVEL CENTERS #24,"I-75, EXIT 15",Monroe,MI,325,3.299,41.9145037,-83.3968252
278,CARLISLE PLAZA,US-41,Carlisle,IN,510,3.499,38.9550726,-87.406219
281,CIRCLE K #4700065,"I-65, EXIT 76 & US-31",Taylorsville,IN,375,3.399,39.2978463,-85.9471718
292,PETES #56,US-169 & CR-5000,Cherryvale,KS,307,3.23233333,37.2665236,-95.5268789
304,FL Roberts,"I-91, EXIT 4",Springfield,MA,100,3.599,42.1018764,-72.5886727
309,QUIKTRIP #231,"I-635, EXIT 3",Kansas City,KS,400,3.199,39.1229393,-94.7483238
323,SAPP BROS TRAVEL CENTER,"I-80, EXIT 126",Ogallala,NE,475,3.46566666,41.1350393,-101.723875
326,FLYING J TRAVEL PLAZA #748,"I-15, EXIT 357",Willard,UT,835,3.749,41.381209,-112.0857712
341,TA JACKSONVILLE SOUTH TRAVEL CENTER,"I-95, EXIT 329",Saint Johns,FL,75,3.469,30.2051843,-81.4045253
361,CIRCLE K #2726293,"I-295, EXIT 25",Jacksonville,FL,75,3.31566666,30.3654471,-81.7239258
368,WILTON TRAVEL PLAZA,"I-87, EXIT 16",Gansevoort,NY,12,3.749,43.197178,-73.6774283
372,GAS DEPOT,"I-94, EXIT 5",Hammond,IN,365,3.999,41.6153932,-87.5212764
381,7-Eleven #41830,US-69 & US-135,Jacksonville,TX,630,2.91566666,31.9532187,-95.2490791
387,Circle K #2709664,"I-8, EXIT 12",Yuma,AZ,930,3.489,32.723268,-114.6179954
388,Pilot Travel Centers #14,"I-71, EXIT 131",Sunbury,OH,315,3.719,40.2480081,-82.8559267
391,PILOT TRAVEL CENTERS #13,"I-71, EXIT 209",Seville,OH,305,3.699,41.0089056,-81.8636385
403,TRUCKOMAT OF HEBRON,"I-70, EXIT 126 & SR-37",Hebron,OH,315,3.429,39.9621368,-82.4777583
407,FUEL MART #641,"I-80 & I-280, EXIT 71",Perrysburg,OH,550,3.499,41.5192321,-83.653069
421,PETRO STOPPING CENTER #316,"I-40 & I-35, EXIT 127",Oklahoma City,OK,483,3.30233333,35.4653376,-97.5128162
424,E EXPRESS,"I-40, EXIT 166",Choctaw,OK,483,2.899,33.9378753,-95.5247822
425,Neighbors Express,"I-16, EXIT 51",Dublin,GA,85,3.299,32.5327805,-82.9360125
442,WESTERN COOP,US-385 & SR-2,Alliance,NE,795,3.324,42.0985408,-102.8711294
455,MR FUEL #753,"I-95, EXIT 104 & SR-207",Ruther Glen,VA,180,3.26566666,37.9081803,-77.4373954
456,THE COUNTRY OASIS,US-24,Woodburn,IN,370,3.399,41.1371173,-84.84347
460,TRUCK STOP 44,I-20 EXIT 44,Gilbert,SC,135,3.079,33.9159013,-81.3925566
461,SPINX #271,"I-26, EXIT 145 & US-601",Orangeburg,SC,42,3.26233333,33.4918203,-80.8556476
469,LOAF N JUG #750010,US-160 & SR-17,Alamosa,CO,803,3.259,37.4701846,-105.8624658
474,KEWANEE 1 STOP,"I-20, EXIT 169 & US-80",Toomsuba,MS,705,3.299,32.4379573,-88.5185337
478,GASTRAK OF PEMBINA,"I-29, EXIT 215",Pembina,ND,355,3.299,48.96913,-97.248351
483,ALLSUPS #2387,US-54/SR-136/SR-3 & US-64,Guymon,OK,585,2.97566666,36.6860677,-101.5077053
486,LA NORIA CONV STORES,"I-35 N, EXIT 4",Laredo,TX,693,3.299,27.6807152,-99.4633161
491,One9 #403,"I-75, EXIT 117",Heiskell,TN,405,2.999,36.0810523,-84.0522465
496,PILOT TRAVEL CENTERS #270,"I-40 & I-75, EXIT 374",Knoxville,TN,405,3.439,35.9516352,-83.9308819
509,LOVES TRAVEL STOPS #256,"I-10, EXIT 140B",Van Horn,TX,640,3.649,31.0473616,-104.8397569
522,GO MART FOOD STORE #57,"I-70 & ST-285, EXIT 186",Lore City,OH,430,3.179,39.9813221,-81.4595158
523,CIRCLE K #2723322,"I-985, EXIT 20 & SR-60",Gainesville,GA,18,3.26566666,34.288753,-83.8196226
546,PLAZA 30,US-30,Wanatah,IN,365,3.499,41.4266454,-86.893768
557,SAPP BROS TRAVEL CENTER,"I-80, EXIT 73",Peru,IL,290,3.389,41.355702,-89.1279953
559,SHELL MORGAN ROAD TRUCK STOP,"I-40, EXIT 142",Maumelle,AR,695,3.20733333,34.828196,-92.392645
566,TA GARY TRAVEL CENTER,"I-80/I-94, EXIT 6",Gary,IN,365,3.83066666,41.5702561,-87.3365496
567,TA ELOY TRAVEL CENTER,"I-10 & I-8, EXIT 203",Eloy,AZ,930,3.459,32.8166837,-111.5200433
572,PILOT TRAVEL CENTER #881,"I-69, EXIT 309A",Fort Wayne,IN,370,3.899,41.0849699,-85.1365982
576,PETRO STOPPING CENTER #343,"I-10, EXIT 76",Egan,LA,600,3.624,30.2365952,-92.5098606
578,LOVES TRAVEL STOP #449,"I-84, EXIT 17",Troutdale,OR,935,3.779,45.5490674,-122.4031884
586,AMERISTAR TRAVEL PLAZA #120,"I-82, EXIT 80",Prosser,WA,925,4.399,46.2151077,-119.7593145
588,TA TUSCALOOSA TRAVEL CENTER,"I-20/I-59, EXIT 77",Cottondale,AL,615,2.964,33.1998045,-87.4530148
591,TA Concordia Travel Plaza,"I-70, EXIT 58 & SR-23",Concordia,MO,400,3.22566666,38.9855617,-93.577152
599,Sapp Bros Travel Center,"I-80, EXIT 59 & SR-17J",Sidney,NE,475,3.50066666,41.136621,-102.9857218
602,JIFFY MART EXIT 18 TRUCK STOP,"I-89/SR-120, EXIT 18 & SR-120",Lebanon,NH,12,3.599,43.6482811,-72.3102794
614,TA MAYBROOK TRAVEL CENTER,"I-84, EXIT 5",Montgomery,NY,120,4.359,41.5275938,-74.236816
628,KWIK FILL #227,"I-90,  EXIT 218",Geneva,OH,305,3.15233333,41.8523503,-80.9705957
636,UNION 76,"I-5, EXIT 233 E",Albany,OR,935,3.379,44.6391019,-123.1065805
651,ONE9 #1366,"I-40, EXIT 126 & US-641",Holladay,TN,460,2.98566666,36.1460998,-85.5425237
652,TA KNOXVILLE EAST TRAVEL CENTER,"I-40 & I-75, EXIT 374",Knoxville,TN,405,3.42566666,35.9516352,-83.9308819
669,PETRO STOPPING CENTER #350,"I-10,  EXIT 4",Canutillo,TX,640,3.499,31.9117523,-106.6074496
672,CROWN POINT TRUCK STOP,"I-295/US-130,EXIT 22",Thorofare,NJ,150,3.549,39.8458768,-75.1898771
684,7-ELEVEN #35101,"I-86/SR-17, EXIT 16",Randolph,NY,38,4.499,42.163394,-78.9806024
689,FLYING EAGLE,"I-235, EXIT 4",Wichita,KS,570,3.499,37.6919475,-97.3375053
692,BP,US-63,Ottumwa,IA,489,3.399,41.0185573,-92.4147859
739,Arco #364420,US-23,Greenup,KY,255,3.649,38.5731349,-82.8301677
748,QUIKTRIP #4231,US-85,Evans,CO,800,3.17233333,39.6776888,-104.9928468
769,AYERCO #26,US-61/US-136,Alexandria,MO,345,3.01566666,39.0467553,-90.9718959
815,Kwik Trip #1508,"US-18/SR-151, EXIT 58",Barneveld,WI,420,3.489,43.011932,-89.8947752
855,SPEEDWAY #7459,US-41 & SR-137,North Chicago,IL,293,3.379,42.3284161,-87.8373248
863,Ocean Fuel,US-301/SR-73,Sylvania,GA,195,3.499,32.7468666,-81.6373954
906,PILOT TRAVEL CENTERS #429,"I-40, EXIT 280",West Memphis,AR,435,3.499,35.1362025,-90.2342623
908,CIRCLE K #2704888,"I-65, EXIT 246 & SR-119",Pelham,AL,615,3.46566666,33.2836179,-86.8036855
936,CASEYS #4254,"I-40, EXIT 129",Conway,AR,695,3.03233333,35.0941543,-92.4591794
977,PILOT TRAVEL CENTER #328,"I-10, EXIT 17",Quartzsite,AZ,930,3.959,33.6585331,-114.2406231
981,STINKER #85,"I-15, EXIT 93",Blackfoot,ID,825,3.53233333,43.1784174,-112.3454069
982,CIRCLE K #2701948,"I-8, EXIT 7 & SR-195",Yuma,AZ,900,3.56566666,32.723268,-114.6179954
1028,FOUR STATES TRUCK STOP,"I-495, EXIT 4 & SR-9",New Castle,DE,243,3.449,39.6620572,-75.5663132
1047,TA MARIANNA TRAVEL CENTER,"I-10/SR-8, EXIT 142 & SR-71",Marianna,FL,20,3.60733333,30.8341599,-85.1919816
1075,PILOT TRAVEL CENTER #68,"I-16 /SR-404, EXIT 51 & US-441",Dublin,GA,85,3.43233333,32.5327805,-82.9360125
1106,CIRCLE K #2705367,"I-20, EXIT 172",Thomson,GA,16,3.399,33.4666728,-82.5024405
1112,BC AMPRIDE TRUCK PLAZA,US-59/SR-141,Denison,IA,527,3.399,42.0227052,-95.3620132
1115,KWIK STAR #704,SR-57/SR-14,Parkersburg,IA,565,3.58233333,42.5737368,-92.7826355
1121,TRAVELERS OASIS,"I-84, EXIT 182",Eden,ID,787,3.799,42.5982237,-114.1759115
1128,TA CHICAGO NORTH TRAVEL CENTER,"I-94/US-41, EXIT 1",Wadsworth,IL,444,3.819,42.4620831,-87.8899379
1132,SPEEDWAY #7423,"I-57, EXIT 83",Ina,IL,293,3.249,38.1537915,-88.9102595
1136,PILOT TRAVEL CENTER #171,"I-74, EXIT 206",Oakwood,IL,280,3.399,40.1127421,-87.7816006
1140,CIRCLE K #4701398,"I-55, EXIT 82 & SR-104",Divernon,IL,280,3.499,39.5650533,-89.6578833
1149,PILOT TRAVEL CENTER #30,"I-70, EXIT 96",Greenfield,IN,375,3.959,39.7847222,-85.7688889
1151,SPEEDWAY #8061,"I-70, EXIT 115 & SR-109",Knightstown,IN,375,3.759,39.7925966,-85.5421078
1156,CIRCLE K #4700028,"I-74/US-421, EXIT 116 & SR-44",Shelbyville,IN,375,3.599,39.589764,-85.8029956
1157,One9 #297,"I-70, EXIT 11 & SR-46",Terre Haute,IN,510,3.43566666,39.4754876,-87.4099678
1158,PILOT TRAVEL CENTERS #36,US-30  & SR-49,Valparaiso,IN,365,3.869,41.4629628,-87.044689
1163,SHORT STOP #13,US-54,Emporia,KS,553,2.839,38.4012298,-96.1831893
1176,PILOT TRAVEL CENTERS #353,"I-75, EXIT 129",Georgetown,KY,410,3.20566666,38.2339497,-84.4334623
1179,PILOT TRAVEL CENTERS #399,"I-65, EXIT 105",Lebanon Junction,KY,415,3.609,37.8364648,-85.733758
1196,SOUTHERN BELLE TRUCK STOP,US-61 & SR-964,Saint Francisville,LA,725,3.384,30.7819467,-91.3767781
1199,ALLTOWN MARKETS #306,"I-190, EXIT 7",Leominster,MA,178,3.68233333,42.5316778,-71.7782127
1202,ONE9 #290,"I-95, EXIT 93 & SR-222",Perryville,MD,22,3.599,39.5714207,-76.0654245
1204,PETRO STOPPING CENTER #321,"I-70 & I-57, EXIT 159",Effingham,IL,574,3.549,39.1201433,-88.54348
1208,D AVENUE FUEL PLAZA,US-131,Kalamazoo,MI,465,3.499,42.291707,-85.5872286
1210,ROADHAWK TRAVEL CENTER,"I-94, EXIT 56 & SR-51",Paw Paw,MI,465,3.599,42.2203281,-85.8505521
1217,KWIK TRIP #250,"I-90, EXIT 179",Austin,MN,515,3.374,43.6718355,-92.9378721
1218,CASEYS #3658,SR-210,Pillager,MN,522,3.299,46.3321233,-94.466519
1234,Lamar Travel Plaza,US-71 & US-160,Lamar,MO,416,3.199,37.4883413,-94.3123736
1236,AYERCO #44,US-36 & US-24,Palmyra,MO,494,3.01566666,39.794639,-91.5325096
1240,TEMP STOP #103,US-65,Sedalia,MO,400,3.199,38.711535,-93.2282625
1247,SNAPPY MART #11,US-63 & SR-14,West Plains,MO,535,3.299,36.7289044,-91.8490428
1251,MAPCO #3009,US-72,Corinth,MS,435,3.154,34.9264255,-88.5101281
1256,DOUBLE QUICK #89,US-82/US-278,Greenville,MS,655,3.25566666,33.410029,-91.0181149
1265,JOE JOES TRAVEL CENTER,US-78 & RED BANKS RD S,Red Banks,MS,435,2.97233333,34.8263002,-89.5646458
1304,LOVES TRAVEL STOP #667,"I-85, EXIT 152",Mebane,NC,65,3.94733333,36.0746959,-79.2662034
1325,SCOTCHMAN #3303,US-421 & US-74,Wilmington,NC,245,3.629,34.2137191,-77.9007429
1344,BOLLA TRUCK STOP #193,US-202 & SR-17,Mahwah,NJ,115,3.53233333,41.0942222,-74.1466219
1348,GLOBAL,SR-73,Palmyra,NJ,150,3.359,40.004217,-75.0211094
1356,LOVES TRAVEL STOP #257,"I-40 & HORIZON, EXIT 79",Milan,NM,580,3.59066666,35.1825171,-107.8996338
1372,PILOT TRAVEL CENTER #469,"I-77, EXIT 101 & SR-627",Canton,OH,249,3.62233333,40.8080169,-81.3730307
1376,FUEL MART #782,"I-75, EXIT 118",Lima,OH,411,3.08566666,40.7410921,-84.1025857
1379,TA LODI TRAVEL CENTER,"I-71, EXIT 209 & I-76/US-224, EXIT 1",Seville,OH,305,3.739,41.0089056,-81.8636385
1391,ONCUE EXPRESS #2045,"I-35, EXIT 203 & SR-15",Billings,OK,500,3.21566666,36.4988806,-97.4439968
1395,DOMINO FOOD AND FUEL #1,"I-40, EXIT 66",Clinton,OK,483,3.099,35.5396251,-98.933791
1404,ONE9 #339,"I-74, EXIT 4 & SR-63",Covington,IN,375,3.26233333,40.1478599,-87.3972465
1414,SAC SHOP #507,"I-70, EXIT 12/161",Breezewood,PA,14,4.099,40.0011725,-78.237057
1424,GETTYSBURG TRAVEL PLAZA,US-15 & SR-394,Gettysburg,PA,70,3.899,39.8374688,-77.2396405
1428,CIRCLE K #4702408,"I-65, EXIT 168 & SR-38/SR-25",Lafayette,IN,375,3.43233333,40.4194174,-86.8961043
1432,KWIK FILL #259,"I-81, EXIT 57",Mechanicsburg,PA,70,4.049,40.2047134,-77.016258
1444,PILOT TRAVEL CENTERS #346,"I-20, EXIT 92 & US-601",Lugoff,SC,135,3.43233333,34.219224,-80.704454
1445,PILOT TRAVEL CENTERS #402,"I-80, EXIT 367",Cheyenne,WY,795,3.709,41.1628671,-104.7873611
1447,HOT SPOT #3005,US-221,Chesnee,SC,210,3.199,35.1349133,-81.8611782
1453,EXPRESS STOP,US-278/SR-101/SR-6 & SR-113,Rockmart,GA,193,3.319,33.9998465,-85.047728
1455,PETRO FLORENCE,"I-95, EXIT 169",Florence,SC,46,3.32566666,34.1984435,-79.7671658
1461,CIRCLE K #2705370,"I-26, EXIT 15 & US-176",Inman,SC,210,3.099,35.0423231,-82.0996746
1464,CIRCLE K #2723254,"I-20, EXIT 55 & SR-6",Lexington,SC,135,3.199,33.9804494,-81.2374167
1470,CIRCLE K #2705348,US-1,Beech Island,SC,135,3.159,33.4413943,-81.8674684
1479,TA SPARTANBURG TRAVEL CENTER,"I-85, EXIT 63 & SR-290",Duncan,SC,210,3.43233333,34.9346059,-82.1524021
1492,MAPCO #3538,"I-24, EXIT 174",Chattanooga,TN,285,2.899,35.0632254,-85.3144362
1507,CIRCLE K #4703941,"I-55, EXIT 5A",Memphis,TN,435,3.189,35.1189387,-89.9372196
1516,LOVES TRAVEL STOP #261,I-27 EXIT 116,Amarillo,TX,585,3.23233333,35.1992,-101.81669
1531,CircleK #4702365,"I-74, EXIT 112 & SR-9",Shelbyville,IN,375,3.509,39.589764,-85.8029956
1533,YESWAY #1157,US-62,Brownfield,TX,700,2.99233333,33.1811661,-102.274237
1546,SHELL,"I-35, EXIT 86 & SR-85",Dilley,TX,740,3.099,28.6665601,-99.1596596
1548,TOOT N TOTUM #107,US-287,Dumas,TX,585,3.03233333,35.835888,-101.9592889
1552,STRIPES #40911,US-59 & SR-16,Freer,TX,625,3.099,27.8882189,-98.5999756
1555,SEIBERT TRAVEL PLAZA,"I-70, EXIT 405 & SR-59",Seibert,CO,800,3.499,39.2980933,-102.8716929
1560,CATTREZ,US-20 & SR-5,Irving,NY,38,2.899,42.5649255,-79.1110145
1562,I MART #108,"I-40, EXIT 108",Wildersville,TN,435,3.099,35.7812241,-88.3592347
1567,KUM & GO #4110,"I-235, EXIT 11",Des Moines,IA,320,3.02733333,41.5888868,-93.5700912
1582,LOVES TRAVEL STOP #250,I-40 EXIT 60,Amarillo,TX,585,3.314,35.1992,-101.81669
1585,Stripes 7Fleet #42498,US-385 & CR-1910,Andrews,TX,710,3.369,32.3117283,-102.5247996
1602,CIRCLE K #2723387,US-98,Beaumont,MS,620,3.56566666,31.1719189,-88.9231306
1606,DONNAS TRAVEL PLAZA,"I-5, EXIT 202",Marysville,WA,962,4.559,48.095631,-122.1538906
1610,TA BALTIMORE TRAVEL CENTER,"I-95, EXIT 57",Baltimore,MD,22,4.759,39.2877017,-76.6064893
1618,GO MART FOOD STORE #33,US-33,Ripley,WV,44,3.499,38.8123713,-81.7014006
1621,CIRCLE K #2709337,"I-65, EXIT 262B",Birmingham,AL,615,3.489,33.5123059,-86.8071775
1622,RACEWAY #6973,US-380 & SR-114/SR-101,Bridgeport,TX,630,2.78233333,33.1708167,-97.8285768
1623,SAPP BROS TRAVEL CENTER,"I-70 & I-270, EXIT 278",Commerce City,CO,800,3.389,39.785249,-104.9044044
1625,PILOT TRAVEL CENTERS #60,"I-26, EXIT 159",Bowman,SC,42,3.43233333,33.3494594,-80.6790777
1632,PILOT TRAVEL CENTERS #266,"I-10, EXIT 139 & SR-292",Las Cruces,NM,640,3.19066666,32.2918861,-106.7691198
1633,7-ELEVEN #36302,"I-35, EXIT 144",Von Ormy,TX,740,3.109,29.278572,-98.636609
1634,PILOT TRAVEL CENTERS #40,"I-94, EXIT 322",Oak Creek,WI,444,3.889,42.9034194,-87.915547
1644,ALLSUPS CONVENIENCE STORE #2414,"I-20, EXIT 235",Roscoe,TX,575,2.929,32.4508238,-100.5420082
1646,SPEEDWAY #8310,US-6  & US-31,Plymouth,IN,465,3.609,41.3660922,-86.3062291
1647,SPEEDWAY #8305,US-41 & SR-312,Hammond,IN,290,3.76566666,41.6153932,-87.5212764
1653,ROAD RANGER #187,"I-55, EXIT 289",Chicago,IL,520,3.569,41.8966529,-87.6281533
1654,CEFCO #3,US-77/US190/SR-36,Cameron,TX,670,2.989,25.966571,-97.4755152
1661,CHEVRON,"I-20, EXIT 101 & SR-151",Calhoun,LA,590,3.159,32.5150441,-92.3592656
1669,BETTY BEAVERS TRUCKSTOP,"I-90, EXIT 28",Fultonville,NY,12,3.149,42.9463199,-74.3686733
1670,Petro Stopping Center #54,"I-44, EXIT 4 & SR-3",Joplin,MO,277,3.449,37.1592883,-94.5009029
1671,LOVES TRAVEL STOP #412,"I-95, EXIT 77",Dunn,NC,205,3.699,35.2703354,-78.6152727
1672,HANA TRAVEL PLAZA,"I-40,  EXIT 77",Amarillo,TX,585,2.899,35.1992,-101.81669
1700,TOPPS FUEL STOPS,US-259/SR-49,Daingerfield,TX,723,3.109,33.0356156,-94.7230077
1720,TOOT N TOTUM #120,US-54 & S WESTERN AVE,Liberal,KS,585,3.01566666,37.0336373,-100.9404472
1749,HIGHWAY 96 FUEL STOP,US-96 & SR-62/FM-1004,Buna,TX,610,3.149,30.5401454,-94.0079303
1753,PWI #169,"I-35/US-77, EXIT 359 & CR-1304",Abbott,TX,765,2.899,31.874961,-97.1474297
1773,M-46 AUTO TRUCK PLAZA,"US-131, EXIT 120 & SR-46",Howard City,MI,344,3.199,43.3983141,-85.469647
1791,PILOT TRAVEL CENTERS #257,"I-20, EXIT 126 & FM-1788",Midland,TX,710,3.56566666,31.972044,-102.2528786
1807,LOVES TRAVEL STOP #229,I-40 EXIT 96 & SR-207,Panhandle,TX,585,3.314,35.34238,-101.37874
1810,KENT KWIK #804,US-83,Perryton,TX,585,2.999,36.3943344,-100.803441
1832,CORNER FUEL CENTER,US-49,Hattiesburg,MS,620,3.299,31.3271694,-89.286375
1834,PUMP N PANTRY #15,"I-20, EXIT 617 & US-59",Marshall,TX,766,2.899,32.5519759,-94.367508
1849,Stripes #42457,US-67/US-277,San Angelo,TX,740,3.244,31.4986138,-100.5283397
1855,EXIT 76 AUTO TRUCK PLAZA,US-131,Byron Center,MI,344,3.499,42.8169912,-85.7230256
1858,FLYING J TRAVEL PLAZA #737,"I-10, EXIT 583",San Antonio,TX,740,3.224,29.4193459,-98.4780456
1859,GO MART FOOD STORE #44,"I-79, EXIT 67 & US-19/SR-4",Sutton,WV,44,3.559,38.664312,-80.7084369
1860,MR FUEL #278,"I-75/71, EXIT 175 & SR-338",Walton,KY,300,3.019,38.8858103,-84.6042366
1861,PETRO STOPPING CENTER #315,"I-40, EXIT 66",Kingman,AZ,910,3.899,35.2289435,-113.9904185
1866,PRI MART FUEL CENTER,"I-94, EXIT 29",Benton Harbor,MI,465,3.799,42.1027792,-86.4570862
1873,JDS TRUCKSTOP,"US-12 & US-31, EXIT 3",Niles,MI,465,3.749,41.8373155,-86.2523395
1874,CIRCLE K #2744529,US-175,Seagoville,TX,630,2.95066666,32.6778738,-96.5827565
1879,HOLIDAY STATIONSTORE #3552,"I-35, EXIT 81 & SR-70",Lakeville,MN,448,3.549,44.6636835,-93.2560981
1888,STRIPES 7FLEET #42449,US-87,Sterling City,TX,710,3.28066666,31.8339133,-100.9756118
1889,TOOT N TOTUM #105,US-54 & US-287,Stratford,TX,585,2.96566666,36.3315603,-102.0791216
1893,MIKE MCDONALD TRUCK STOP,"I-20, EXIT 509",Terrell,TX,637,2.87066666,32.7359626,-96.2752569
1894,CIRCLE K #2741544,"I-37 & SR-72, EXIT 69",Three Rivers,TX,747,3.06566666,28.4611128,-98.1829342
1897,YESWAY #1077,"I-20/US-84, EXIT 278",Tye,TX,575,2.87566666,32.4430385,-99.8701971
1905,LUCKY TRUCK STOP,US-82,Whitesboro,TX,630,2.88566666,33.65579,-96.90616
1909,RALLYSTOP #1,"I-15, EXIT 62",Cedar City,UT,791,3.459,37.6805649,-113.0820136
1914,LOVES TRAVEL STOP #792,"I-70, EXIT 160",Green River,UT,835,3.709,38.9921555,-110.1653764
1923,SCENIC QUIK STOP,"I-70, EXIT 54 & US-89",Salina,UT,835,3.459,38.9328581,-111.8428112
1930,CASEYS #3058,"I-35, EXIT 19 & US-160 E",Wellington,KS,570,3.299,46.4540208,-64.0005669
1931,RBS ONE STOP,"I-15, EXIT 320",Woods Cross,UT,835,3.459,40.8807934,-111.9029951
1934,CIRCLE K #2723710,"I-77, EXIT 24",Austinville,VA,185,3.24066666,36.851331,-80.9143144
1940,7-ELEVEN #40063,"I-81, EXIT 98 & SR-100",Dublin,VA,65,3.199,37.0923355,-80.6823931
1944,LOVES TRAVEL STOPS #399,"I-77, EXIT 1 & SR-620",Lambsburg,VA,65,3.589,36.5985145,-80.7672506
1950,7-ELEVEN #34515,"I-81, EXIT 205",King George,VA,180,3.399,38.285216,-77.2012153
1951,CIRCLE K #2723713,"I-81, EXIT 205",Staunton,VA,185,3.38566666,38.1472439,-79.0728503
1953,FAS MART #3555,"I-64, EXIT 136 & US-15",Gordonsville,VA,180,3.699,38.1392948,-78.1946384
1954,Joe's Kwik Mart #8409,US-58 & CR-645,Suffolk,VA,130,3.03233333,36.7135794,-76.6382513
1956,PILOT TRAVEL CENTER #4642,"I-81, EXIT 291",Toms Brook,VA,60,3.659,38.9419629,-78.4354677
1958,SPEEDWAY #4618,"I-81 & I-77, EXIT 77",Wytheville,VA,185,3.41233333,36.9514303,-81.0649949
1960,MAPLEWOOD IRVING,"I-89, EXIT 7",Montpelier,VT,170,3.699,44.2556626,-72.6063355
1962,SUPER QUIK,"I-64, EXIT 172 & SR-1/SR-7",Grayson,KY,255,3.799,37.4759483,-86.2835738
1976,One9 #963,"I-90, EXIT 276",Spokane,WA,970,3.989,47.6571934,-117.42351
1977,GEE CEES TRUCK STOP,"I-5, EXIT 57",Toledo,WA,977,3.839,-31.556236,-64.0095442
1983,KWIK TRIP #427,"US-53, EXIT 110 & SR-40",Bloomer,WI,295,3.41566666,45.1018126,-91.4932187
1985,Camp Douglas BP,"I-90 & I-94, EXIT 55",Camp Douglas,WI,420,3.154,43.9214767,-90.2592235
2000,RIVER CITY TRAVEL PLAZA,US-41,Marinette,WI,360,3.399,45.0999594,-87.6307265
2020,BFS FOODS #72,"I-68, EXIT 23 & SR-26",Bruceton Mills,WV,165,3.499,39.6599231,-79.6379634
2021,GO MART FOOD STORE #59,"I-64, EXIT 15 & US-60",Huntington,WV,255,3.499,38.415943,-82.4397206
2022,GO MART FOOD STORE #86,"I-79, EXIT 40 & SR-16",Ivydale,WV,44,3.599,38.5246799,-81.0142892
2030,GHOST TOWN FUEL STOP,US-26/US-20,Casper,WY,790,3.429,42.8619212,-106.312234
2040,Fast Stop Travel Centers #1133,"I-25, EXIT 126 & US-18/20",Douglas,WY,790,3.499,51.9469579,-106.5044396
2041,PINE BLUFFS SINCLAIR,"I-80, EXIT 401 & US-30",Pine Bluffs,WY,795,3.699,41.1724664,-104.0620202
2044,One9 #1251,"I-80, EXIT 173",Wamsutter,WY,795,3.499,41.665228,-107.9850737
2074,STRIPES #40522,"I-10, EXIT 550",San Antonio,TX,740,3.059,29.4193459,-98.4780456
2078,ALLSUPS CONVENIENCE STORE #2366,US-84 & CR-3300,Slaton,TX,700,2.969,33.4481042,-101.6748171
2088,FLYING J TRAVEL PLAZA #773,"I-70, EXIT 40",Richfield,UT,835,3.699,38.7785493,-112.087769
2089,FLYING J TRAVEL PLAZA #774,"I-84, EXIT 7",Snowville,UT,835,3.749,41.9693895,-112.7096281
2115,KWIK TRIP #838,SR-23/SR-33,Reedsburg,WI,420,3.194,43.5224565,-90.021679
2125,BIG D #44,"I-80, EXIT 311 & SR-130",Laramie,WY,795,3.249,41.1059601,-104.7792727
2144,Mountain View Truck Stop,US-15,Thurmont,MD,60,4.099,39.648747,-77.4650948
2152,SPEEDWAY #4709,"I-90, EXIT 102",Fairmont,MN,425,3.299,43.6428545,-94.4147651
2167,PILOT TRAVEL CENTERS #134,"I-94, EXIT 171 (CR 75)",Saint Cloud,MN,451,3.28733333,45.4867808,-94.1534695
2182,PILOT TRAVEL CENTER #4649,"I-64 & I-81, EXIT 205",Raphine,VA,185,3.659,37.9308831,-79.2151597
2192,GO MART FOOD STORE #51,US-19/SR-129,Mount Nebo,WV,44,3.599,38.1976678,-80.8583368
2194,A AND A TRUCKSTOP,US-35 & CR-41,Jackson,OH,315,3.799,39.8738643,-83.0380748
2196,Certified Oil #400410,I-76 EXIT 43,Ravenna,OH,249,3.31566666,41.169168,-81.2496323
2204,NATURAL BRIDGE SHELL,US-278 & SR-5,Lynn,AL,615,3.68233333,34.0483436,-87.5465268
2209,Roadrunner #471,"I-40/US-65, EXIT 142 & SR-365",North Little Rock,AR,695,3.03233333,34.8322459,-92.2597576
2219,PILOT TRAVEL CENTER #66,"I-85, EXIT 129",Braselton,GA,16,3.27233333,34.1098361,-83.7682181
2223,PO JOS GAS N GO,"I-16 SR-404, EXIT 116 & US-301/SR-73",Register,GA,195,3.23233333,32.3657108,-81.8846782
2227,SPEEDWAY #7448,SR-59,Naperville,IL,293,3.299,41.7797704,-88.1460471
2231,QUIKTRIP #605,"I-270, EXIT 33",Saint Louis,MO,540,2.899,38.6234583,-90.2044753
2255,S&G #36,"I-280, EXIT 2 & SR-795",Millbury,OH,550,3.49233333,41.5661659,-83.4246596
2267,Circle K #4703917,"I-65, EXIT 112 & SR-25",Cross Plains,TN,460,2.949,36.5419003,-86.7039673
2283,CIRCLE K #2707321,SR-60,Bartow,FL,225,3.52233333,27.9188438,-81.8442491
2287,SAC SHOP #511,"I-76/I-70, EXIT 146 & I-99/US-220 EXIT 1",Bedford,PA,14,4.099,40.0186921,-78.5039069
2310,MAPCO #3686,"I-24, EXIT 175",Chattanooga,TN,285,2.889,35.0632254,-85.3144362
2331,PINNERS POINT,SR-135,Portsmouth,VA,130,3.499,36.845755,-76.306818
2336,FLYING J TRAVEL PLAZA #754,"I-77 & I-81, EXIT 77",Wytheville,VA,185,3.549,36.9514303,-81.0649949
2340,RSTORE #4478,SR-8 & SR-13,Prentice,WI,395,3.039,45.5499246,-90.2867022
2557,PWI #106,"I-30, EXIT 77B",Royse City,TX,630,2.899,32.9866985,-96.3174543
2602,PILOT TRAVEL CENTERS #9,"I-75, EXIT 36",Franklin,OH,407,3.35233333,40.21396,-81.8817982
2623,TA JANESVILLE TRAVEL CENTER,"I-90/I-39, EXIT 171B & US-14",Janesville,WI,420,3.299,42.7119802,-88.9990279
2626,WEST END SINCLAIR,"I-80, EXIT 211",Rawlins,WY,838,3.319,41.8059909,-107.2037043
2638,PIT STOP TRAVEL CENTER,US-789,Riverton,WY,790,4.399,43.024183,-108.3907524
2640,LITTLE NASHVILLE,"I-64, EXIT 50 & SR-127",Nashville,IL,540,3.399,38.3339258,-89.3790059
2644,FREDERICKS TRAVEL CENTER,"I-25/US-87, EXIT 235 & SR-52",Erie,CO,800,3.499,40.0101611,-105.0498932
2756,PAR MAR FOOD STORE #89,"I-77/SR-2, EXIT 170 & SR-14 E",Mineral Wells,WV,430,3.499,39.1877804,-81.5275169
2761,PONY EXPRESS SERVICE CENTER,US-36 & SR-148,Hanover,KS,316,2.95566666,39.8954882,-96.8836969
2764,LOVES TRAVEL STOP #046,US-64/54 & SR-94,Hooker,OK,585,3.56233333,36.8619553,-101.2100168
2765,LOVES TRAVEL STOP #023,US-50 & US-287,Lamar,CO,525,3.46233333,38.0897715,-102.6183007
2772,PILOT TRAVEL CENTERS #29,"I- 80, EXIT 144; I-69, EXIT 357",Fremont,IN,465,3.899,41.7419054,-84.9314832
2779,Stinker #121,I-84 & EXIT 208,Heyburn,ID,787,3.56066666,42.550072,-113.7611596
2788,JIFFY MART #451,"I-91, EXIT 17 & SR-302",Wells River,VT,39,3.569,44.1539785,-72.0437386
2805,Fast Stop Travel Centers #1145,"I-15,  EXIT 31",Downey,ID,825,3.799,42.4306601,-112.1457977
2807,SUDDEN SERVICE #25,"I-24, EXIT 11",Clarksville,TN,460,3.30733333,36.5259408,-87.3609209
2811,KWIK FILL #22,"I-90, EXIT 40 & SR-34/SR-31",Weedsport,NY,220,3.899,43.0173935,-76.5460537
2817,Chevron #382354,"I-5/US-12, EXIT 72",Chehalis,WA,977,4.299,46.6655745,-122.9718817
2848,TA TONOPAH TRAVEL CENTER,"I-10, EXIT 103",Tonopah,AZ,930,3.939,33.4918575,-112.8731469
2851,SPEEDWAY #2958,"I-8, EXIT 12",Yuma,AZ,900,3.479,32.723268,-114.6179954
2862,TA TALLULAH TRAVEL CENTER,"I-20, EXIT 171 & US-65",Tallulah,LA,760,3.209,32.4166335,-91.1802292
2875,CIRCLE K #2744138,"I-25, EXIT 101 & US-50/SR-47",Pueblo,CO,803,3.399,38.263995,-104.6141867
2885,SP Truckstop & Travel Center,US-84/SR-38,Bainbridge,GA,20,3.599,30.9251879,-84.5832479
2889,MOULTON COWBOYS,SR-157,Moulton,AL,615,3.099,34.4957258,-87.2866234
2891,PETRO STOPPING CENTER #338,"I-80, EXIT 21",Sparks,NV,966,3.949,39.5418698,-119.7604182
2895,EAGLE TRUCK STOP,I-77 EXIT 81,New Philadelphia,OH,249,3.31566666,40.4938168,-81.4651338
2896,NORTH LEWISTON DYNAMART,US-12 & SR 128,Lewiston,ID,970,3.669,46.3757313,-117.015503
2897,GAS N GO #15,"I-80, EXIT 41",Lyman,WY,827,3.46566666,41.3351527,-110.2866701
2910,FLYING J TRAVEL PLAZA #685,"I-29 & I- 94, EXIT 349",Fargo,ND,341,3.569,46.848469,-96.7986563
2913,ONE9#226,"I-40, EXIT 417 & SR-92",Dandridge,TN,405,3.259,36.0152194,-83.413371
2917,GOLDYS TRUCK PLAZA,US-29,Rustburg,VA,185,3.519,37.2754135,-79.1090569
2922,LOVES TRAVEL STOP #210,"I-40, EXIT 158",Albuquerque,NM,580,3.52066666,35.0834079,-106.647296
2923,LOVES TRAVEL STOP #435,"I-95, EXIT 104 & SR-207",Ruther Glen,VA,180,3.611,37.9081803,-77.4373954
2924,HWY 190 FUEL STOP,US-190,Jasper,TX,610,3.13233333,30.9201995,-93.9965759
2926,EXIT 77 TRAVEL PLAZA,"I-81, EXIT 77 & SR-39",Harrisburg,PA,70,3.499,40.2621497,-76.8776602
2929,TA EXPRESS STEELE,"I-94, EXIT 200 & SR- 3",Steele,ND,390,3.599,47.58662,-97.9423239
2935,CIRCLE K #2726163,"I-295, EXIT 22",Jacksonville,FL,75,3.299,30.3654471,-81.7239258
2937,FLYING J TRAVEL PLAZA #664,"I-75, EXIT 171",Walton,KY,300,3.08566666,38.8676645,-84.605177
2956,PILOT TRAVEL CENTERS #275,"I-85, EXIT 39 I-77, EXIT 13",Charlotte,NC,46,3.55233333,35.2412292,-80.8226636
2963,SUPERPUMPER #26,"I-94, EXIT 258 & US-281",Jamestown,ND,390,3.629,46.9276783,-98.6781353
2967,PETRO STOPPING CENTER #317,"I-57, EXIT 71",Perrysburg,OH,550,3.78566666,41.5192321,-83.653069
2977,DISCOUNT FUEL,"I-90, EXIT 150 & SR-73",Kadoka,SD,506,3.229,43.8359811,-101.5222157
2982,CIRCLE K #2723726,"I-59/I-20, EXIT 52 & US-11/US-43/SR-7",Knoxville,AL,705,3.089,33.5955795,-85.89865
3003,CHEVRON,"I-20, EXIT 186",Delta,LA,760,2.994,38.7436121,-108.0729172
3008,BUSY BEE,"I-10, EXIT 283 & US-129",Live Oak,FL,10,3.779,30.3061548,-82.9811641
3022,TA GREENCASTLE TRAVEL CENTER,"I-81, EXIT 5",Greencastle,PA,70,3.959,39.7902158,-77.7303349
3064,PORTS TO PLAINS TRAVEL PLAZA,US-50 & US-287,Lamar,CO,800,3.399,38.0897715,-102.6183007
3086,SPEEDWAY #4638,US-29,Madison Heights,VA,185,3.49566666,37.4463105,-79.0935648
3093,RSTORE #4488,US-51,Merrill,WI,395,3.24066666,45.1989797,-89.7126828
3096,HOBO PANTRY #6,US-431/SR-210,Dothan,AL,20,3.959,31.2307512,-85.3872204
3118,MOBIL,"I-87, EXIT 42 & US-11",Champlain,NY,39,3.799,44.986656,-73.446693
3138,TA EXPRESS #6264,"I-70, EXIT 26 & US-50",Grand Junction,CO,800,4.049,39.0646208,-108.5706221
3139,CHEROKEE TRAVEL MART,"I-40,  EXIT 108",Calumet,OK,483,3.10566666,35.602014,-98.1186491
3148,YESWAY #1038,US-60 & SR-86,Neosho,MO,307,3.059,36.8101995,-94.3925053
3155,QUIK MART #18,US-72/SR-157,Tuscumbia,AL,615,3.00733333,34.7312005,-87.703919
3163,QUIKTRIP #71,"I-44, EXIT 238",Tulsa,OK,560,3.039,36.1563122,-95.9927516
3164,QUIKTRIP #102,"I-44, EXIT 222A",Tulsa,OK,560,3.039,36.1563122,-95.9927516
3165,LOVES TRAVEL STOP #213,"I-35, EXIT 211",Tonkawa,OK,500,3.584,36.7436238,-97.3504062
3167,JASPER FOOD MART,US-78,Jasper,AL,615,3.229,33.8828493,-87.2896688
3171,One9 #265,"I-40, EXIT 287 & SR-136",Cookeville,TN,405,3.084,36.1924445,-85.4864495
3176,BP,US-6 & SR-15,New Paris,IN,365,3.65733333,41.4935547,-85.832237
3178,ERNIES FUEL STOP #1605,SR-167,Kent,WA,977,4.599,47.3843615,-122.2330438
3191,BUSY CORNER TRUCK STOP AND MARKET,"I-24, EXIT 105 & US-41/SR-2",Manchester,TN,460,3.049,47.5477103,-122.541408
3206,PERHAM OASIS,US-10 & SR-78,Perham,MN,250,3.499,46.5970177,-95.5783708
3215,SHELL TRUCKSTOP,"I-4, EXIT 44",Polk City,FL,225,3.449,28.180496,-81.824145
3221,Pilot #1440,"US-67, EXIT 55 & US-64/US-167 & SR-367",Bald Knob,AR,695,3.399,35.3163413,-91.5720937
3222,POMPANO TRUCK STOP,"I-95, EXIT 36B",Pompano Beach,FL,95,3.759,26.2722545,-80.1348216
3226,ONE9 #245,"I-81, EXIT 77 & SR-39",Harrisburg,PA,70,3.609,40.2621497,-76.8776602
3227,ONE9 MR FUEL #64,"I-26 & US-17, EXIT 199",Summerville,SC,42,3.219,32.9943648,-80.218598
3230,STRIPES #40815,US-281 & US-285,Falfurrias,TX,625,3.299,27.22686,-98.14399
3264,TA WEST MEMPHIS TRAVEL CENTER,"I-40/US-63, EXIT 260 & SR-149",Earle,AR,435,3.36733333,35.2752727,-90.4787699
3280,OUTPOST TRUCK STOP,US-85 & US-18/US-20,Lusk,WY,790,3.689,42.7479628,-104.4512709
3284,CASEYS #4390,"I-49/US-71, EXIT 77 & US-160",Lamar,MO,416,3.199,37.4883413,-94.3123736
3297,SAPP BROS TRAVEL CENTER,"I-80, EXIT 370",Cheyenne,WY,795,3.70066666,41.1628671,-104.7873611
3316,TRUCKOMAT OF N LITTLE ROCK,"I-40, EXIT 161 & SR-391",North Little Rock,AR,695,3.249,34.8322459,-92.2597576
3330,TA # 211 GREENLAND TRAVEL CENTER,"I-95, EXIT 3A & US-101",Greenland,NH,34,3.759,43.0441597,-70.8240468
3349,QUEEN CITY TRUCK STOP,"I-20 & I-59, EXIT150",Meridian,MS,705,2.939,32.3639425,-88.6964691
3383,E-Express at Central Truck Stop,"I-35, EXIT 137",Oklahoma City,OK,483,2.879,35.4653376,-97.5128162
3386,LONGMONT TRUCK STOP,"I-25/US-87, EXIT 240 & SR-119",Longmont,CO,800,3.239,40.1451237,-105.1292797
3401,POPS Mart #333,"I-77, EXIT 48 & SR-200",Winnsboro,SC,46,3.09066666,34.3584657,-81.0915376
3413,COUNTRY GIRL TRUCK STOP,US-167 & SR-156,Winnfield,LA,590,3.319,31.923008,-92.6439934
3415,JAYS EL CHEAPO FUEL STOP,"I-16, EXIT 104",Metter,GA,195,3.249,32.4007289,-82.0612307
3418,Par Mar Store #164,"I-79, EXIT 105 & CR-7",Jane Lew,WV,165,3.999,39.1076807,-80.4029507
3421,ERNIES TRUCK STOP,"I-5, EXIT 142",Federal Way,WA,977,4.599,47.3278436,-122.3158144
3422,PWI #167,"I-10, EXIT 601",Seguin,TX,740,2.889,29.5759646,-97.9426358
3427,JOHNNYS MARKET,"I-69, EXIT 357",Fremont,IN,465,3.699,41.7296529,-84.9401491
3432,PILOT TRAVEL CENTER #34,"I-65, EXIT 201 & US-231",Remington,IN,365,3.709,40.7620343,-87.1507363
3435,PWI #168,"I-35, EXIT 266 & SR-195",Georgetown,TX,740,2.799,30.6634625,-97.6638688
3444,Acme Truck Stop,US-441/SR-500,Orlando,FL,140,3.449,28.5259051,-81.3816526
3460,CHROME TRUCK STOP,US-18 & US-169,Algona,IA,433,3.499,43.077398,-94.2725661
3464,BOISE PETROLEUM LLC,"I-84,  EXIT 71",Boise,ID,785,3.379,43.6078846,-116.1946012
3471,MR FUEL DBA ONE9 #72,"I-16, EXIT 160",Savannah,GA,195,3.13233333,32.0836449,-81.148434
3475,PILOT TRAVEL CENTERS #56,"I-85, EXIT 63",Kannapolis,NC,46,3.499,35.4960552,-80.6247212
3477,CIRCLE K #4707404,"I-91, EXIT 7",Springfield,VT,170,3.699,43.296139,-72.478095
3493,CIRCLE K #2723675,"I-75, EXIT 290 & SR-20",Cartersville,GA,18,3.08566666,34.1236739,-84.8487269
3519,PILOT TRAVEL CENTERS #431,"I-10, EXIT 873",Orange,TX,610,3.309,30.0929879,-93.7365549
3522,SUNMART #308,US-59,Livingston,TX,610,2.859,30.71109,-94.93436
3539,Bigs 211,"I-10, EXIT 620 & SR-123",Seguin,TX,740,3.099,29.5759646,-97.9426358
3545,STOCKMENS TRUCK PLAZA,"I-494, EXIT 64A",South Saint Paul,MN,450,3.499,44.8808104,-93.0191835
3580,STINKER I 80 TRAVEL PLAZA,"I-80, EXIT 221 & SR-76",Sinclair,WY,838,3.759,41.7838051,-107.107356
3585,CHEVRON,"I-80, EXIT 129",Lovelock,NV,966,3.499,40.2232697,-118.3886668
3588,BINGO TRUCK STOP,"I-10, EXIT 829 & SR-124",Winnie,TX,610,2.999,29.8191793,-94.4293862
3593,TA Parowan Travel Center,"I-15, EXIT 78",Parowan,UT,910,3.70566666,37.7772277,-112.8363705
3608,FUEL MART #787,"I-57, EXIT 212 & US-36",Tuscola,IL,280,3.199,39.8008951,-88.2905671
3614,PILOT TRAVEL CENTERS #35,"I-80/90, EXIT 72 & US-31",South Bend,IN,465,3.799,41.6549577,-86.2971357
3616,PILOT TRAVEL CENTERS #15,"I-75, EXIT 210",Toledo,OH,550,3.77233333,41.6381693,-83.5416816
3619,ROAD RANGER #141,"I-70, EXIT 23",Brazil,IN,375,3.659,39.5128298,-87.1355131
3620,One9 #16,"I-71 & US-68, EXIT 50",Wilmington,OH,315,3.14233333,39.441677,-83.817316
3645,SNOW SHOE TRAVEL PLAZA,"I-80, EXIT 147 & SR-144",Snow Shoe,PA,14,3.469,41.0284749,-77.9536731
3688,SPEEDWAY #2314,"I-94, EXIT 243 & SR-29",New Baltimore,MI,342,3.559,42.680404,-82.8299108
3692,CHARLOTTE TRAVEL PLAZA,"I-77,  EXIT 16B",Charlotte,NC,46,3.53233333,35.2412292,-80.8226636
3707,SPEEDWAY #4704,"I-90, EXIT 154",Albert Lea,MN,425,3.299,43.6800949,-93.3673764
3718,SPEEDWAY #4706,"I-90, EXIT 265",Chamberlain,SD,455,3.299,43.7888835,-99.3232725
3719,KEYSTONE TRUCK STOP,US-22 & SR-164,Loretto,PA,14,3.999,40.4959374,-78.6214189
3728,PLAZA 23 TRUCK STOP,"I-787, EXIT 2",Albany,NY,12,3.799,42.6511674,-73.754968
3737,JORDAN'S KWIK STOP #70,US-49,West Helena,AR,435,3.399,34.5401019,-90.6376072
3759,EXXON,US-67 & SR-18,Newport,AR,695,4.13233333,35.6379452,-91.2434012
3767,SIMMONS TRAVEL CENTER,"I-95, EXIT 8 & US-301",Emporia,VA,180,3.099,36.6859828,-77.5424808
3772,Brake Time Corner Market,"I-25, EXIT 240",Burlington,CO,800,3.499,39.3019444,-102.2836916
3774,SINCLAIR,"I-70, EXIT 438",Burlington,CO,796,3.889,39.3019444,-102.2836916
3781,REATTA TRAVEL STOP,"I-76, EXIT 149 & SR-55/CR-81",Crook,CO,475,3.38233333,40.8556068,-102.8051243
3783,CIRCLE K #2744095,"I-25, EXIT 215",Denver,CO,800,3.299,39.6783106,-104.9624728
3794,SPEEDWAY #4701,"I-90, EXIT 73",Jackson,MN,425,3.299,43.6207916,-94.9886022
3817,FAST MARKET,"I-25, EXIT 158",Colorado Springs,CO,803,3.159,38.8128106,-104.8148435
3868,SHORE STOP #279,US-13,Greenwood,DE,194,3.239,34.1954001,-82.1617883
3888,Fics Plaza,"I-90, EXIT 184",Deer Lodge,MT,816,3.519,46.3908546,-112.7209015
3889,CIRCLE K #2701686,"I-75, EXIT 220",Bradenton,FL,225,3.439,27.4625066,-82.5835543
3907,SUNOCO,US-46 & SR-93,Palisades Park,NJ,105,3.279,40.8383804,-73.9931989
3908,SEMINOLE TRUCK STOP,"I-75, EXIT 354",Fort Lauderdale,FL,95,3.699,26.1200301,-80.1697986
3927,MICCOSUKEE SERVICE PLAZA,"I-75, EXIT 49 & SR-84",Fort Lauderdale,FL,95,3.66566666,26.1200301,-80.1697986
3936,Uncle Petes Truck  Stop,"I-40, EXIT 239 & US-70/SR-26",Lebanon,TN,460,2.989,36.2120571,-86.297149
3946,Fast Lane,US-24 & US-63,Moberly,MO,310,3.469,39.4186156,-92.4532705
3956,CIRCLE K #2707451,US-27/SR-25 & SR-70,Lake Placid,FL,225,3.399,27.3200682,-81.3696664
3964,SPEEDWAY #6604,"I-94, EXIT 66",Mattawan,MI,465,3.489,42.2135045,-85.7994146
3970,EXXON - Pilot #1293,"I-30, EXIT 61",Garland,TX,630,2.84233333,32.91258,-96.63596
3973,LOVES TRAVEL STOP #205,"I-35 & I-44, EXIT 137",Oklahoma City,OK,483,3.319,35.4653376,-97.5128162
3974,LOVES TRAVEL STOP #201,I-40 EXIT 41,Elk City,OK,483,3.12566666,35.408133,-99.4043341
3975,SUNSTOP #334,"I-10, EXIT 335 & SR-121",Macclenny,FL,75,3.459,30.2822639,-82.122999
3979,PETRO GARY 369,"I-80 & I-94, EXIT 9",Gary,IN,365,3.83066666,41.5702561,-87.3365496
4006,MISSILE MART #1,US-167 & SR-7,El Dorado,AR,635,3.499,33.261271,-92.6274062
4025,BP,"I-85, EXIT 21  & US-178",Anderson,SC,30,2.909,34.5068601,-82.6506264
4035,PILOT TRAVEL CENTER #430,"I-40,  EXIT 84",Russellville,AR,695,3.375,35.2594445,-93.092793
4062,DUDLEYS TRUCK STOP RESTAURANT,US-220,Rocky Mount,VA,185,3.299,37.0068532,-79.8750455
4063,STUCKEY'S,"I-59, EXIT 67 & US-49",Hattiesburg,MS,620,2.999,31.3271694,-89.286375
4080,SHELL DBA PILOT DEALER #874,US-41,Miami,FL,176,3.699,25.8494759,-80.2579786
4113,ASAP GENERAL STORE #330,US-412/SR-15,Enid,OK,500,3.08233333,36.3754314,-97.7871259
4115,QUIKTRIP #707,"I-85 , EXIT 96",Atlanta,GA,18,3.34066666,33.7993702,-84.3926489
4156,PETRO STOPPING CENTER #305,"I-10, EXIT 582",San Antonio,TX,740,3.20733333,29.4193459,-98.4780456
4161,EL CHEAPO,I-95 & EXIT 76,Midway,GA,195,3.52566666,33.7551076,-84.7068794
4164,CIRCLE K #2723897,"I-75, EXIT 138",Thomasville,GA,20,3.23566666,30.8350886,-83.9693988
4169,TA KINGMAN TRAVEL CENTER,"I-40, EXIT 48 & US-93",Kingman,AZ,910,3.899,35.2289435,-113.9904185
4171,PETRO SERVE USA #11,US-2 & US-71,Bemidji,MN,355,3.499,47.4850208,-94.8740784
4172,FLYING J TRAVEL PLAZA #639,"I-90, EXIT 2",Post Falls,ID,970,3.76233333,47.7117241,-116.8949794
4179,CIRCLE K #2705352,"I-95/SR-405, EXIT 109 & SR-30/SR-21",Port Wentworth,GA,195,3.099,32.1583696,-81.1593096
4187,FLYING J TRAVEL PLAZA #632,"I-75, EXIT 320",Resaca,GA,285,3.29566666,34.5788895,-84.9434116
4193,TIGER MART #63,"I-20, EXIT 454",Grand Prairie,TX,630,3.599,32.6952113,-97.0056112
4199,PWI #574,"I-70, EXIT 193/US-40",Bunker Hill,KS,357,2.959,38.8844683,-98.688678
4204,PILOT TRAVEL CENTERS #415,"I-59, EXIT 4",Rising Fawn,GA,285,3.859,34.757857,-85.5313539
4220,KENNETT TRUCK STOP,"I-275, EXIT 16",Lawrenceburg,IN,300,3.424,39.0960445,-84.8580073
4222,Circle K #4703906,"I-24, EXIT 24 & SR-49",Pleasant View,TN,460,2.899,36.1547406,-85.4868961
4223,TA PEMBROKE TRAVEL CENTER,"I-90, EXIT 48A",Corfu,NY,38,3.939,42.9612199,-78.4051099
4227,LOVES TRAVEL STOP #203,"I-40, EXIT 140",Oklahoma City,OK,483,3.35566666,35.4653376,-97.5128162
4233,QUIKTRIP #7220,"I-20, EXIT 8",Shreveport,LA,745,2.89233333,32.4440822,-93.7269207
4239,SPEEDWAY #8256,"I-64, EXIT 94 & SR-1958 & US-60",Winchester,KY,410,2.92233333,37.9867303,-84.2025558
4241,EXXON,"I-285, EXIT 53",Conley,GA,18,3.999,33.6449707,-84.3287406
4267,CONOCO,US-30 & SR-41,Gap,PA,160,3.799,39.989477,-76.0173511
4292,KUM & GO #0032,"I-80/US-6, EXIT 155 & SR-117",Colfax,IA,320,3.08233333,41.6757319,-93.2459187
4311,Saveway Truck Plaza,"I-65, EXIT 164 & US-31",Hope Hull,AL,720,3.139,32.2694014,-86.3665079
4331,KWIK STOP C STORES,US-61/US-151,Dubuque,IA,335,3.559,42.5006243,-90.6647985
4332,PILOT TRAVEL CENTER #468,"I-57, EXIT 283 & US-24",Gilman,IL,280,3.399,40.7526231,-87.9980012
4335,HIGHWAY 20  AUTO TRUCK PLAZA,US-20,Peosta,IA,335,3.489,42.4453714,-90.8614818
4339,ROAD RANGER #273,I-69E/US-77 & SR-107,Combes,TX,639,3.049,26.2374848,-97.7056891
4349,ROAD RANGER #144,"I-380, EXIT 68US-20, EXIT 68",Evansdale,IA,565,3.729,42.4595108,-92.2512696
4363,EL CHEAPO #4,"I-95, EXIT 87",Richmond Hill,GA,195,3.09566666,31.9215642,-81.2776329
4372,GRADYS TRUCKSTOP,"I-16, EXIT 111",Pulaski,GA,195,3.46566666,32.3120479,-83.457249
4389,TAYLOR QUIK-PIK,"I-29, EXIT 75 & US-30",Missouri Valley,IA,486,3.399,41.5550565,-95.8847485
4395,BREAK TIME #3147,"I-55, EXIT 67 & US-62",Sikeston,MO,275,3.499,36.8744189,-89.5964404
4417,TA MORIARITY TRAVEL CENTER,"I-40, EXIT 194",Moriarty,NM,580,3.21733333,34.9856069,-106.0484459
4419,CASEYS #3081,"I-35, EXIT 92 & US-136",Bethany,MO,400,3.06066666,40.2541664,-94.0272035
4427,CASEYS #2654,"I-80/US-6, EXIT 93 & CR-P28",Stuart,IA,320,3.099,41.499168,-94.3184007
4437,UNDERWOOD TRUCK STOP I 80,"I-80, EXIT 17",Underwood,IA,319,3.00066666,41.3851154,-95.6824462
4441,PILOT TRAVEL CENTERS #51,"I-81 BAILEYTON RD, EXIT 36",Greeneville,TN,405,3.56233333,36.1739415,-82.8269761
4442,Minuteman Food Mart #58,US-74/US-76,Delco,NC,245,3.50733333,34.3200936,-78.2229495
4446,LOVES TRAVEL STOP #200,I-40 EXIT 74,Amarillo,TX,585,3.209,35.1992,-101.81669
4451,PRAIRIE JUNCTION TRUCK STOP,"I-29, EXIT 109 & SR-34",Colman,SD,530,3.099,43.982472,-96.814497
4452,CASEYS #2867,US-63 & US-20,Waterloo,IA,380,3.499,42.4972075,-92.3383692
4458,KUM & GO #1443,"I-80, EXIT 216",Williamsburg,IA,380,3.13066666,41.69024,-92.0047613
4460,EXIT 62 TRUCKSTOP,"I-71, EXIT 62 & US-127",Glencoe,KY,415,3.16566666,38.7196412,-84.8014227
4463,QUIKTRIP #7901,"I-20, EXIT 556 & US-69",Lindale,TX,710,2.80733333,32.511376,-95.420937
4482,FLYING J TRAVEL PLAZA #777,"I-84, EXIT 54(FEDERAL WAY)",Boise,ID,785,3.809,43.5661277,-116.1910838
4492,3 MILE CORNER TRUCK STOP,US-2 & US-95,Bonners Ferry,ID,970,3.734,48.694284,-116.3179374
4525,STINKER #42,US-12/US-95 & SR-128,Lewiston,ID,970,3.69733333,46.3757313,-117.015503
4533,SPEEDWAY #1449,"I-65, EXIT 262B",Birmingham,AL,615,2.97566666,33.5123059,-86.8071775
4544,BIG CHARLIES TRUCK PLAZA,"I-64, EXIT 282 & US-13",Virginia Beach,VA,130,3.489,36.7159724,-76.0935474
4555,PILOT TRAVEL CENTERS #406,"I-65, EXIT 22 & US-31A/SR-11",Cornersville,TN,460,3.799,35.3819613,-86.8339257
4560,FAST STOP TRAVEL CENTERS #1109,"I-15, EXIT 392",Plymouth,UT,835,3.58233333,41.8742663,-112.1464427
4563,PILOT TRAVEL CENTERS #299,"I-55/I-74/US-51, EXIT 160 & US-150/SR-9",Bloomington,IL,280,3.599,40.4504502,-89.011761
4568,ONVO TRAVEL PLAZA,"I-90, EXIT 28",Fultonville,NY,12,3.199,42.9463199,-74.3686733
4569,METROPOLIS TRUCK STOP,"I-24, EXIT 37 & US-45",Metropolis,IL,490,3.599,37.1658298,-88.7229614
4574,Circle K #4701432,"I-74, EXIT 174",Mahomet,IL,280,3.669,40.1809155,-88.3703972
4582,BIG CHIEF TRUCK STOP,"I-94/US-52, EXIT 61 & US-59/CR-82",Fergus Falls,MN,250,3.23566666,46.2710201,-96.0561248
4605,PILOT DEALER #898 SADLERS TRUCK STOP,"I-95, EXIT 11B & US-58",Emporia,VA,180,3.799,36.6859828,-77.5424808
4618,OUTPOST TRAVEL CENTER,"I-20, EXIT 5 & US-80",Greenwood,LA,745,2.899,28.533852,-81.3621334
4620,PILOT TRAVEL CENTERS #95,"I-75, EXIT 329 & SR-44",Wildwood,FL,225,3.22566666,28.8610999,-82.0225623
4622,TA LEE HI TRAVEL PLAZA,"I-81,  EXIT 195",Lexington,VA,185,3.659,37.802703,-79.4181807
4628,QUARLES #4601,US-29/US-17/US-15,Warrenton,VA,60,3.32233333,38.7196855,-77.7863795
4637,THORNTONS #369 DBA PILOT TRAVEL CENTER #514,"I-55, EXIT 126 & SR-10",Lincoln,IL,318,3.399,40.1480324,-89.3633082
4644,CIRCLE K #4706703,"I-80, EXIT 145A",Mokena,IL,290,3.399,41.5311218,-87.8864752
4654,7-ELEVEN #35087,"I-490, EXIT 2 & SR-33 & SR-19",Bergen,NY,190,4.029,43.0852666,-77.9418857
4690,PWI #401,"I-20 & I-30, EXIT 1B",Aledo,TX,630,2.799,32.6898164,-97.6031101
4700,A C TRUCKSTOP,"I-80, EXIT 290",Laramie,WY,795,3.079,41.1059601,-104.7792727
4704,THE RIDGE,"I-68/US-219, EXIT 14 & US-40",Accident,MD,165,4.199,39.6158563,-79.2996254
4707,SMITHTON TRUCKSTOP,"I-70, EXIT 39 & SR-3059",Smithton,PA,165,3.899,40.1545945,-79.7419411
4742,FLYING J TRAVEL PLAZA #684,"I-94, EXIT 1 & SR-16",Beach,ND,807,3.96566666,46.9221709,-104.007764
4750,BROOKE TRAVEL PLAZA,"I-80, EXIT 259",West Liberty,IA,380,2.98733333,41.5690519,-91.266949
4762,TA MONROE TRAVEL CENTER,"I-75, EXIT 15",Monroe,MI,325,3.349,41.9145037,-83.3968252
4806,TRACK AND TRAVEL,"I-20, EXIT 406",Weatherford,TX,630,2.91733333,32.7622961,-97.7956273
4818,PILOT TRAVEL CENTER #350,"I-84 & US-20, EXIT 95",Mountain Home,ID,785,3.799,43.1292749,-115.6935271
4819,Alta Convenience #6333,"I-25, EXIT 11",Trinidad,CO,803,3.399,37.1723138,-104.5084575
4827,PETRO BEAUMONT #304,"I-10, EXIT 848",Beaumont,TX,610,3.33066666,30.076346,-94.1276243
4837,SHELL,US-10 & SR-210,Motley,MN,522,3.399,46.3338889,-94.6458333
4856,PILOT TRAVEL CENTER #910- TOWN PUMP,"I-90, EXIT 274 & US-287",Three Forks,MT,786,3.59733333,45.878154,-111.5695459
4858,PILOT TRAVEL CENTER #1346,"I-135, EXIT 31",Newton,KS,570,3.3115,38.047058,-97.3444588
4860,PILOT TRAVEL CENTER #476,"I-74, EXIT 32 & SR-17",Woodhull,IL,270,3.899,41.1830654,-90.3201749
4872,TA COMMERCE TRAVEL CENTER,"I-85, EXIT 149 & US-441",Commerce,GA,16,3.21566666,34.2051116,-83.459806
4874,PWI #110,"I-20, EXIT 112 & FM-1936",Odessa,TX,710,3.049,31.8102148,-102.4334317
4878,SHELL DBA ONE9 #1426,"I-84, EXIT 35",Nampa,ID,785,3.374,43.5599206,-116.5754537
4881,PETRO STOPPING CENTER #14,"I-295, EXIT 56",Bordentown,NJ,230,4.029,40.1482344,-74.7162269
4885,LOVES TRAVEL STOP #384,"I-70, EXIT 45",Greenville,IL,540,3.689,38.8840993,-89.4142592
4887,SUNOCO,"I-80 & I-90, EXIT 3",Wauseon,OH,550,3.699,41.5617303,-84.1367761
4894,CLOVERDALE TRAVEL PLAZA,"I-70, EXIT 41 & US-231",Cloverdale,IN,375,3.699,39.5039117,-86.7912581
4905,HY-MILER #2204,SR-250,Sandusky,OH,550,3.53233333,41.4406292,-82.7186731
4909,CIRCLE K #2723916,US-441/US-301/US/27/SR-500,Ocala,FL,140,3.459,29.1891793,-82.1403371
4910,PILOT TRAVEL CENTER #892,"I-70 EXIT 164, & US-50",Green River,UT,835,3.68566666,38.9921555,-110.1653764
4918,PILOT TRAVEL CENTERS #219,"I-40, EXIT 398",Knoxville,TN,405,3.699,35.9516352,-83.9308819
4920,TA LAPLACE,"I-10, EXIT 209 & US-5",La Place,LA,600,3.22733333,50.9282855,2.3301141
4921,PILOT TRAVEL CENTERS #231,"I-75, EXIT 29",Corbin,KY,410,3.609,36.9495222,-84.0949551
4927,CIRCLE K #2704886,"I-65, EXIT 205 & US-31/SR-22",Clanton,AL,720,3.20733333,32.8418325,-86.6234385
4933,VILLAGE TRUCK STOP,"I-81, EXIT 18",Rural Retreat,VA,185,3.299,36.8976507,-81.2756465
4977,KWIK TRIP #331,SR-54,Wisconsin Rapids,WI,395,3.26233333,44.3950276,-89.8237947
4981,JOHNNYS MARKET,"I-94, EXIT 110 & US-27",Marshall,MI,385,3.499,42.2692088,-84.9924941
4983,KWIK TRIP #603,"I-94, EXIT 28 & SR-128",Wilson,WI,451,3.549,45.1787794,-91.8804512
4996,ZIP TRIP #54,"I-90, EXIT 452",Billings,MT,780,3.59066666,45.8092348,-108.5476752
5003,TRAILWAY TRUCK STOP,US-301/SR-304,Centreville,MD,22,3.259,39.0418212,-76.0676683
5006,SUNOCO,US-1/US-9,Linden,NJ,79,3.799,40.6295105,-74.2517558
5024,I 55 MOTOR PLAZA,"I-55,  EXIT 180",Pevely,MO,540,2.99066666,38.2844345,-90.3998619
5030,YESWAY #1030,US-63 & E MARY ST,Ottumwa,IA,320,3.399,40.9948186,-92.4135936
5044,TA MOUNT VERNON TRAVEL CENTER,"I-44, EXIT 46 & SR-39/SR265",Mount Vernon,MO,535,3.409,39.2968335,-76.6199624
5060,CRAZY FREDS TRUCK SHOP,"I-40, EXIT 44 & US-66",Kingman,AZ,910,3.539,35.2289435,-113.9904185
5064,CLARK OIL #44,"I-59, EXIT 97",Laurel,MS,620,2.879,31.6923432,-89.1280253
5085,K AN T TRUCKSTOP,"I-79, EXIT 137 & SR-310",Fairmont,WV,165,3.399,39.4853854,-80.1618783
5111,CIRCLE K #2723385,"I-59, EXIT 67 & US-49/SR-42",Hattiesburg,MS,620,3.149,31.3271694,-89.286375
5117,CIRCLE K #4702361,"I-65, EXIT 130 & SR-334",Whitestown,IN,375,3.29233333,39.9947826,-86.3461269
5128,CASEYS #2769,"I-80, EXIT 220 & SR-149",Williamsburg,IA,380,3.14233333,41.69024,-92.0047613
5132,Travel Centers of America,"I-44, EXIT 208 & SR-19",Cuba,MO,574,3.26566666,38.0748532,-91.4068742
5163,Blue Sky #733,"US-78, EXIT 81 & SR-178",Belden,MS,742,2.939,34.3105643,-88.7882507
5165,ONE9 #046,"I-65, EXIT 6 & SR-100",Franklin,KY,415,3.08566666,38.1976466,-84.8798942
5167,SPEEDWAY #7575,"I-65, EXIT 255",Hobart,IN,290,3.63233333,41.520226,-87.2901063
5170,FLYING J #516,"I-76, EXIT 161 & I-70",Breezewood,PA,14,5.099,39.986508,-78.261804
5183,PETRO STOPPING CENTER #74,I-95 & EXIT 106,Kenly,NC,205,3.709,35.5965518,-78.1184088
5191,NORTH POINT PLAZA,"I-90 & I-94, EXIT 115",Poynette,WI,420,3.17233333,43.3964634,-89.4072984
5202,Chevron #306185,US-30,Montpelier,ID,825,3.699,42.3181582,-111.3016865
5203,OASIS TRAVEL CENTER,"I-10, EXIT 53",Robertsdale,AL,715,3.469,30.5420846,-87.7052611
5207,JJ TRAVEL PLAZA,"I-70, EXIT 70 & US-83",Oakley,KS,525,3.61566666,39.1316901,-100.8560315
5227,PILOT TRAVEL CENTERS #900,"I-95, EXIT 75",Dunn,NC,205,3.709,35.2703354,-78.6152727
5230,ONE9 #496,"I-80, EXIT 265",Atalissa,IA,270,3.01566666,41.5839378,-91.1642053
5232,CM EUNICE,US-190,Eunice,LA,730,3.399,30.4885648,-92.4366407
5234,SINCLAIR,SR-37,Monett,MO,277,3.29066666,36.9089285,-94.0116817
5236,FLYING J #875,"I-95,  EXIT 109",Elkton,MD,243,4.199,39.6132729,-75.8314991
5245,CASEYS #3842,US-36 & US-283,Norton,KS,357,3.15733333,39.833895,-99.891511
5247,EDGERTON TRAVEL PLAZA,"I-90, EXIT 160 & US-51",Edgerton,WI,420,3.199,42.8333202,-89.0703812
5254,TA CANDLER TRAVEL CENTER,"I-40, EXIT 37",Candler,NC,210,3.799,35.5360245,-82.693231
5255,7-ELEVEN #35788,"I-35, EXIT 215",Olathe,KS,400,3.339,38.8793376,-94.8219028
5258,PT TRUCK STOP,"I-12, EXIT 42",Hammond,LA,623,3.249,30.5069542,-90.4620786
5282,CASEYS #3548,US-54 & US-61,Pratt,KS,357,3.14066666,37.6461856,-98.7346702
5285,TULLO TRUCK STOP,"I-95, EXIT 15E & US-1/US-9",Kearny,NJ,79,3.799,40.7432982,-74.1265165
5299,Sudden Service #62,"I-65, EXIT 6 & SR-100",Franklin,KY,460,3.084,38.1976466,-84.8798942
5309,NEWBORN TRUCK STOP,I-20 EXIT 5,Tallapoosa,GA,48,3.40733333,33.7542719,-85.2957857
5310,FLYING J #576,"I-35, EXIT 69",Northfield,MN,515,3.859,44.4465388,-93.1765792
5324,HY-MILER #2245,SR-53,Fremont,OH,550,3.38233333,41.3646236,-83.1224558
5341,KWIK STAR #1160,"US-75, EXIT 118 & SR-3",Le Mars,IA,408,3.299,42.7773131,-96.1930453
5349,JET FOOD STORE #17,US-1/SR=4/SR-540 & US-220/SR-47,Wrens,GA,135,3.41566666,33.1937571,-82.4004034
5363,SPEEDWAY #6767,"I-75, EXIT 20",Manheim,PA,70,4.499,40.1716653,-76.3923934
5389,FLYING J TRAVEL PLAZA #744,"I-15, EXIT 343",Ogden,UT,835,3.749,41.2243614,-111.98069
5391,PWI #605,"I-10, EXIT 378",San Simon,AZ,640,2.959,32.2663465,-109.2231982
5399,FLYING J TRAVEL PLAZA #750,"I-81 & I-77, EXIT 80",Max Meadows,VA,185,3.549,36.981501,-80.9580491
5407,CASEYS #4535,US 81,Concordia,KS,570,2.91233333,39.5584906,-97.649459
5414,One9 #1216,"I-10 ,EXIT 200 & SR-84",Eloy,AZ,930,3.199,32.8166837,-111.5200433
5419,USA TRAVEL CENTER,"I-40, EXIT 48 & US-93",Kingman,AZ,910,3.399,35.2289435,-113.9904185
5422,K AND H TRUCK PLAZA,"I-57, EXIT 283 & US-24",Gilman,IL,290,3.159,40.7526231,-87.9980012
5424,WK TRUCK STOP,"US-231 & SR-9001, EXIT 75",Beaver Dam,KY,340,3.399,37.3983346,-86.8757433
5435,MEADE AUTO AND TRUCK PLAZA,US-54,Meade,KS,525,3.799,37.2855796,-100.340145
5436,PARKWAY MARATHON,"US-79, EXIT 94",Caneyville,KY,415,3.73233333,37.4219432,-86.4762309
5446,PETRO STOPPING CENTER #308,"I-20, EXIT 8 & SR-526",Shreveport,LA,745,3.17566666,32.4440822,-93.7269207
5462,BOOZER KWIK STOP,"I-15, EXIT 118",Idaho Falls,ID,825,3.44733333,43.4953633,-112.0433675
5464,PILOT TRAVEL CENTERS #48,"I-65, EXIT 86",Glendale,KY,415,3.609,37.6005933,-85.9033307
5474,One9 #88,"I-95/SR-9, EXIT 201 & SR-520",Cocoa,FL,143,3.37566666,28.3590528,-80.7712475
5477,CHEVRON #383766,"I-5, EXIT 216",Halsey,OR,935,3.099,44.3858864,-123.1124014
5479,PILOT TRAVEL CENTERS #94,"I-75, EXIT 161",Punta Gorda,FL,225,3.799,26.9176156,-81.993001
5491,49ER FUEL CENTER,"I-75, EXIT 49",East Bernstadt,KY,410,2.999,37.1918255,-84.123755
5492,BFS FOODS #68,"I-70, EXIT 3",Hancock,MD,22,4.129,39.7051781,-78.1553197
5522,ONE9 #301,"I-55,  EXIT 40",Marston,MO,275,3.109,36.5388682,-89.594338
5523,TA LIMON TRAVEL CENTER,"I-70, EXIT 359 & US-24",Limon,CO,800,3.92066666,39.260883,-103.6855928
5529,FLYING J #549,"I-77, EXIT 100 & 101",Mount Airy,NC,65,3.599,36.5322691,-80.5710693
5537,HUCKS TRAVEL CENTER #51 DBA FLYING J #889,"I-57/I-64, EXIT 95 & SR-15",Mount Vernon,IL,574,3.459,38.313989,-88.9557141
5554,Southfork TRUCK STOP,"I-30, EXIT 63 & SR-53",Gurdon,AR,635,3.459,33.9123718,-93.1706735
5560,MIDWAY TRAVEL PLAZA,I-70 EXIT 121 & US-40,Columbia,MO,310,3.539,38.951883,-92.3337366
5569,TA EXPRESS NORWOOD #0450,US-60,Norwood,MO,535,3.449,39.0863271,-94.4405276
5579,SAPP BROS TRAVEL CENTER,US-30,Columbus,NE,486,3.219,52.365874,4.8548181
5592,TA COLUMBIA NORTH,"I-20, EXIT 71 & US-21",Columbia,SC,46,3.439,33.9942689,-81.0402962
5597,CM LAKE CHARLES FUEL STOP 36,"I-10, EXIT 36 & SR-397",Lake Charles,LA,690,3.299,30.2382504,-93.2173296
5601,BP,"I-24, EXIT 16",Paducah,KY,490,3.429,37.060135,-88.5752856
5603,TA NORTH CANTON TRAVEL CENTER,"I-77, EXIT 111",North Canton,OH,249,3.624,40.8930828,-81.4051944
5606,FLYING J #511,"I-94, EXIT 147",Mandan,ND,273,3.95233333,46.8153561,-100.851605
5607,RICE MART,"I-45 & FM 1603, EXIT 238",Rice,TX,630,3.019,32.2001409,-96.4741966
5608,SHOP A LOTT  #3,US-84 & US-171,Mansfield,LA,766,3.13566666,32.0334909,-93.704106
5613,CHEVRON #381108,"I-82, EXIT 36",Yakima,WA,925,3.999,46.601557,-120.510842
5618,MCCLURE OIL #52,"I-65/US-52, EXIT 140 & SR-32",Lebanon,IN,375,3.584,40.0583741,-86.4625008
5649,Fast Stop,"I-10, EXIT 182 & SR-22",Sorrento,LA,623,3.699,30.1803057,-90.8685079
5651,LOVES TRAVEL STOP #303,"I-64, EXIT 43 & SR-395",Waddy,KY,415,3.749,38.1201,-85.084671
5660,Pride Convenience Store,"I-90, EXIT 51 & I-291",Chicopee,MA,100,3.509,42.160729,-72.4892697
5661,TA Express #287,"I-40, EXIT 288 & SR-111",Cookeville,TN,460,3.299,36.1924445,-85.4864495
5667,PILOT TRAVEL CENTERS #393,"I-40, EXIT 24 & SR-209",Waynesville,NC,210,3.759,35.5047701,-82.9766675
5669,KWIK TRIP #497,I-90 EXIT 266 & CR-12,Dakota,MN,515,3.474,43.9132251,-91.3600733
5670,TA MOUNT VERNON TRAVEL CENTER,"I-57 & I-64, EXIT 95",Mount Vernon,IL,574,3.449,38.313989,-88.9557141
5674,TA MADISON TRAVEL CENTER,"I-20, EXIT 114 & US-441",Madison,GA,16,3.89066666,33.598929,-83.469184
5677,YESWAY #1178,CR-13,Kadoka,SD,506,3.189,43.837792,-101.5225583
5691,Pilot Travel Center #666,"I-94, EXIT 30",Benton Harbor,MI,465,3.059,42.1027792,-86.4570862
5718,TOOT N TOTUM #104,US-287,Dalhart,TX,585,3.199,36.0230995,-102.5593664
5721,TA BALTIMORE SOUTH TRAVEL CENTER,"I-95, EXIT 41A & SR-175 & US-1",Jessup,MD,22,4.599,39.1470015,-76.7699177
5729,MENOMONIE FARMERS UNION,"I-94, EXIT 45 & CR-B",Menomonie,WI,295,3.649,44.9343205,-91.8545489
5730,SCOTTS QUICK STOP,SR-53 & SR-46,Marlette,MI,342,3.399,43.3112387,-83.0911558
5739,PILOT TRAVEL CENTERS #284,"I-75, EXIT 18",Monroe,MI,325,3.399,41.9145037,-83.3968252
5754,ROAD TRIP OASIS PERRY,"I-69, EXIT 105 & SR-52",Perry,MI,406,3.799,43.1464525,1.2124108
5758,SPEEDY Q MARKET #8206,"I-94, EXIT 274",Port Huron,MI,325,3.899,42.9604885,-82.4437486
5770,Kwik Trip # 1281,"I-43, EXIT 107",Belgium,WI,444,3.25566666,43.4943381,-87.8506646
5771,DUNES AUTO TRUCK PLAZA,"I-94, EXIT 12",Sawyer,MI,465,3.499,41.885554,-86.600053
5780,BILLS TRUCKSTOP,"I-85, EXIT 86",Linwood,NC,65,3.449,35.7534044,-80.3184994
5799,STAPLES OIL,"I-90, EXIT 146",Alden,MN,425,3.299,43.6635197,-93.5791853
5801,TA WYTHEVILLE TRAVEL CENTER,"I-81, EXIT 72 & I-77, EXIT 41",Wytheville,VA,185,3.519,36.9514303,-81.0649949
5823,ENMARKET #863,"I-95, EXIT 8 & SR-88",Hardeeville,SC,195,3.08233333,32.2783308,-81.0800719
5830,115 TRUCKSTOP #5001,"I-94, EXIT 115",Marshall,MI,431,3.429,42.2692088,-84.9924941
5842,PETRO STOPPING CENTER #6367,"I-57,  EXIT 335",Monee,IL,290,3.459,41.4244097,-87.745074
5860,SPEEDWAY #4610,"I-35, EXIT 59 & SR-21",Faribault,MN,448,3.759,44.3277969,-93.3058816
5901,ROTHSAY TRUCK STOP,"I-94, EXIT 38",Rothsay,MN,341,3.209,46.4768069,-96.2798665
5903,Circle K #2746447,I-94/US-52 EXIT 127 & US-71/SR-28,Sauk Centre,MN,250,3.189,45.733419,-94.9518911
5907,SPEEDWAY #4035,CR-101,Shakopee,MN,448,3.599,44.7953218,-93.4350138
5909,SINCLAIR,"I-90, EXIT 233",Saint Charles,MN,515,3.529,43.9545005,-92.06719
5927,HARRISONBURG TRAVEL CENTER,"I-81,  EXIT 243 & US-11",Harrisonburg,VA,185,2.899,38.4427848,-78.9102867
5935,WESTHAMPTON VALERO,I-295 EXIT 47A,Mount Holly,NJ,160,3.329,40.0023341,-74.7884958
5942,EXPRESS MART TRUCK STOP,"I-55, EXIT 185 & US-67/US-61",Barnhart,MO,540,2.99733333,38.3366907,-90.3992819
5946,PILOT TRAVEL CENTERS #918,I-90 EXIT 55,Rapid City,SD,506,3.999,44.0448069,-103.0606801
5949,EXXON,US-59 & LOOP 151,Texarkana,TX,723,3.16566666,33.3948093,-94.0981611
5951,ROAD RANGER #157,I-64 EXIT 41,Okawville,IL,540,3.799,38.4259038,-89.5496137
5963,OZONA ONE STOP,"I-10, EXIT 372",Ozona,TX,710,2.98233333,30.7134309,-101.2007456
5965,TRUCK TOWNE,I-29 EXIT 47 & SR-46,Beresford,SD,572,3.159,43.0830185,-96.7891198
5971,WACO TRAVEL CENTER,SR-19,Perry,FL,20,3.699,30.1173389,-83.5837504
5979,TA LAFAYETTE TRAVEL CENTER,"I-10 & SR-182, EXIT 101",Lafayette,LA,600,3.134,30.2262187,-92.0178202
5990,360 TRUCK STOP,US-360,Amelia Court House,VA,180,3.599,37.336473,-77.9890972
5999,PILOT TRAVEL STOP #492,"I-30, EXIT 78 & SR-7",Arkadelphia,AR,635,3.559,34.1141918,-93.0529819
6001,ALLSUPS #2392,US-70 & US-285,Roswell,NM,700,3.199,33.3006936,-104.5316574
6009,CASEYS #2652,US-65 & US-36,Chillicothe,MO,400,3.289,39.783364,-93.5639138
6018,TA BLOOMINGTON TRAVEL CENTER,"I-55, I-74 & I-39 , EXIT 160",Bloomington,IL,280,3.619,40.4504502,-89.011761
6033,EMERY'S,US-54,Deerfield,MO,277,3.349,38.761433,-93.757017
6037,CRYSTAL OIL,"I-129/US-20/US-75,  EXIT 2",South Sioux City,NE,527,3.549,42.485852,-96.4091298
6041,COCKERHAM FUEL CENTER #4,"I-77, EXIT 14 & US-58/US-221",Hillsville,VA,185,3.28233333,36.7509415,-80.7136747
6047,FAST LANE #26,US-61,Eolia,MO,494,3.099,39.2317035,-91.0087089
6051,CIRCLE K #2709846,"I-25, EXIT 240",Longmont,CO,800,3.05733333,40.1451237,-105.1292797
6057,PILOT TRAVEL CENTER #903,"I-70/US-40, EXIT 252",Salina,KS,523,3.759,38.7927541,-97.6548661
6058,MOTOR INN AUTO TRUCK STOP,I-75 EXIT 110,Mendon,OH,370,3.199,40.6660984,-84.5133679
6068,AYERCO #24,US-61 & CR MM,Hannibal,MO,494,3.099,39.703685,-91.398972
6082,Palmetto Truck Plaza,US-27/SR-25 & SR-826,Hialeah,FL,95,3.399,25.8411684,-80.2790512
6083,BP,"I-35, EXIT 33",Holt,MO,400,3.049,59.300276,9.557427
6087,BREAK TIME #3173,US-54 & CR-HH,Fulton,MO,310,3.299,38.875246,-91.9639726
6096,Waverly Travel Center,US-23,Waverly,OH,315,3.41566666,39.1288468,-82.9783766
6106,TA HUNTINGTON,"I-84, EXIT 353",Huntington,OR,982,3.639,44.3479344,-117.2696254
6111,HAWGS EXXON,US-167/SR-25,Batesville,AR,418,3.359,35.7546971,-91.6240946
6150,CIRCLE K #2723707,"I-81,  EXIT 150",Troutville,VA,65,3.06566666,37.4167269,-79.875318
6154,TA MOBILE TRAVEL CENTER,"I-10,  EXIT 4",Grand Bay,AL,715,3.13566666,30.4722153,-88.3465463
6164,PILOT TRAVEL CENTER #268,"I-80/US-6, EXIT 284",Walcott,IA,270,3.859,41.6175358,-90.7796253
6165,TEMP STOP #117,I-70 & GRAIN VALLEY RD EXIT 24,Grain Valley,MO,400,2.959,39.0189783,-94.1962132
6167,PILOT TRAVEL CENTERS #167,US-71,Nevada,MO,277,3.49566666,37.851362,-94.348122
6172,SPEEDWAY #2319,"I-96, EXIT 77",Portland,MI,431,3.699,42.8813437,-84.9201609
6173,PILOT TRAVEL CENTERS #21,"I-94, EXIT 167",Dexter,MI,325,3.659,42.3234969,-83.8724339
6179,HENDERSON TRAVEL PLAZA,"I-10, EXIT 115 & SR-347",Breaux Bridge,LA,690,3.38566666,30.2635325,-91.9134506
6180,Circle #4703923,"I-24, EXIT 180B & US-27",Chattanooga,TN,285,2.78566666,35.0632254,-85.3144362
6182,Exxon,"I-20, EXIT 205 & SR-46",Heflin,AL,587,3.01566666,33.6417729,-85.5832915
6198,DAVIS TRAVEL CENTER #102,"I-95/US-301, EXIT 33 & SR-602",Stony Creek,VA,180,3.06566666,36.947467,-77.397037
6200,KWIK FILL #388,"I-80, EXIT 29 & SR-8",Harrisville,PA,165,3.404,41.1320599,-80.0060655
6206,PETRO PORTAGE,"I-90 & I-94, EXIT 108-A",Portage,WI,420,3.80733333,43.5470035,-89.4671698
6212,MR FUEL,"I-55, EXIT 180",Pevely,MO,540,3.01566666,38.2844345,-90.3998619
6214,PIONEER Travel Plaza,"I-41, EXIT 60 & SR-145",Richfield,WI,444,3.21566666,43.261301,-88.255928
6215,FUEL HUB,"I-87, EXIT 21B",West Coxsackie,NY,12,3.599,42.362455,-73.823184
6219,SCHATZ CROSSROADS,US-2 /US-52,Minot,ND,452,3.549,48.236088,-101.298749
6221,LOVES TRAVEL STOP #214,I-10 EXIT 37,El Paso,TX,640,3.07566666,31.7601164,-106.4870404
6222,QUIKTRIP #236,"I-29/US-71, EXIT 18 & SR-92",Platte City,MO,400,2.999,39.3739863,-94.7786888
6227,MARLOWS FUEL CENTER,"I-20, EXIT 479",Dallas,TX,630,3.24066666,32.7762719,-96.7968559
6229,FUEL MART #764,"I-70, EXIT 66 & SR- 54",South Vienna,OH,315,3.129,39.9301869,-83.6122132
6242,TA FORISTELL TRAVEL CENTER,"I-70, EXIT 203",Foristell,MO,540,3.019,38.8161358,-90.9600857
6243,GARDEN INN TRAVEL PLAZA,US-60/US-63,Cabool,MO,535,3.299,37.1133444,-92.1066058
6251,BREAUX BRIDGE VALERO #1408,"I-10 & SR-347, EXIT 115",Breaux Bridge,LA,730,3.499,30.2635325,-91.9134506
6252,PILOT TRAVEL CENTERS #12,I-80 & I-90 EXIT 71,Perrysburg,OH,550,3.759,41.5192321,-83.653069
6271,TA DENTON TRAVEL CENTER,"I-35, EXIT 471 & US-77",Denton,TX,630,3.254,33.2150386,-97.1330516
6275,TA SEATTLE EAST TRAVEL CENTER,"I-90, EXIT 34",North Bend,WA,962,3.959,47.4937145,-121.7848819
6286,APPLE MARKET #526,"I-64, EXIT 94",Winchester,KY,410,2.91566666,37.9867303,-84.2025558
6293,PETRO STOPPING CENTER #313,"I-40, EXIT 79",Milan,NM,580,3.57066666,35.1690774,-107.8934388
6296,GRAY TRUCK STOP,US-71/US-136,Maryville,MO,400,3.26566666,40.3483154,-94.8726223
6299,HWY 34 TRUCKSTOP,"US-34, EXIT 258",West Burlington,IA,345,3.374,40.8280076,-91.1683838
6305,I-95 Fuel Stop,"I-95, EXIT 126 & US-17/US-1",Fredericksburg,VA,180,3.264,38.2984288,-77.4569285
6307,QUIKTRIP #608,"I-70, MID RIVERS MALL",Saint Peters,MO,540,2.904,38.7961831,-90.6120872
6308,Pilot Travel Centers #354,"I-64, EXIT 28",Simpsonville,KY,415,3.759,38.2106895,-85.3468706
6309,WINNERS CIRCLE #1,"I-30 & US-270, EXIT 98A",Malvern,AR,695,3.35233333,34.3656591,-92.8136617
6310,CIRCLE K #2707515,US-27/SR-25 & US-98/US-700/SR-700/SR-66,Sebring,FL,140,3.389,27.4965413,-81.4342676
6318,Chisholm Corner #15,"I-35, EXIT 72 & US-19",Pauls Valley,OK,569,3.38733333,34.7417753,-97.2184015
6327,PETRO STOPPING CENTER #312,"I-40 & I-75, EXIT 369",Knoxville,TN,405,3.42566666,35.9516352,-83.9308819
6330,TA EDINBURG TRAVEL CENTER,I-69C/US-281 & FM-2812,Edinburg,TX,639,3.01066666,26.3862215,-98.1491134
6334,231 PLAZA AND TRUCK STOP,US-231/SR-75 & SR-20,Youngstown,FL,20,3.494,30.3673095,-85.4407282
6341,TA RAWLINS TRAVEL CENTER,"I-80, EXIT 214",Rawlins,WY,795,3.72233333,41.8059909,-107.2037043
6346,SPEEDWAY #4710,US-71/SR-60,Windom,MN,425,3.299,43.8598991,-95.1202626
6351,FLYING J TRAVEL PLAZA #608,"I-10, EXIT 1",Ehrenberg,AZ,930,3.959,33.616227,-114.4789165
6370,TA ROCKWALL TRAVEL CENTER,"I-30/US-67, EXIT 68 & SR-205",Rockwall,TX,630,3.13733333,32.9312336,-96.4597089
6374,TA ELGIN WEST TRAVEL CENTER,I-90 &  US-20,Hampshire,IL,290,3.459,42.136431,-88.5005822
6387,FLYING J FRANCHISE #966,"I-80, EXIT 229",Battle Mountain,NV,966,3.79233333,40.6430355,-116.9386191
6391,TOOT N TOTUM #106,US-287,Dumas,TX,585,3.00566666,35.835888,-101.9592889
6393,PILOT TRAVEL CENTER #478,"I-64, EXIT 92",Leavenworth,IN,415,3.959,38.1920093,-86.3355325
6401,CIRCLE K #2723457,"I-10, EXIT 34-B",Gulfport,MS,715,2.989,30.3688997,-89.0951125
6434,AMPRIDE ALL ROUND TRUCK STOP,US-20,Fort Dodge,IA,343,3.299,42.5163634,-94.2003834
6442,CLARK OIL #49,US-84,Laurel,MS,620,2.999,31.6923432,-89.1280253
6448,CIRCLE K #2723392,"I-59, EXIT 97 & US-84",Laurel,MS,620,2.95233333,31.6923432,-89.1280253
6462,ARCO #471770,US-281 & SR-5,Dunseith,ND,452,3.499,48.813057,-100.06112
6492,FLICKS,US-49,Richland,MS,760,2.999,32.2208338,-90.0879825
6496,SPEEDY EXPRESS #38,"I-35, EXIT 305",Mathis,TX,625,3.199,28.0938019,-97.8248659
6517,HARDYS #5,"I-80, EXIT 4   4",Wendover,UT,835,3.499,40.7359032,-114.0424501
6518,TOWN PUMP FOOD STORE #310,"I-15, EXIT 164",Boulder,MT,816,3.559,50.7360363,-116.7643102
6526,TULIP CITY TRUCK STOP,"I-196 & SR-40, EXIT 49",Holland,MI,344,3.739,42.791003,-86.0964735
6547,FLYING J TRAVEL PLAZA #762,"I-90, EXIT 126 & SR-59",Gillette,WY,836,3.899,44.265718,-105.4880195
6563,Road Ranger #282,"I-35, EXIT 500",Gainesville,TX,630,3.17566666,33.6249528,-97.1406903
6564,FLYING J FRANCHISE #970,US-395,Pasco,WA,925,4.599,46.2369251,-119.087496
6565,TA Greeneville Travel Center,"I-81,  EXIT 36",Greeneville,TN,405,3.55233333,36.1653021,-82.8251541
6567,YELLOWSTONE TRUCK SHOP,"I-90, EXIT 330",Livingston,MT,786,3.649,45.6774838,-110.5433715
6577,AC & T TRAVEL CENTER,"I-81, EXIT 5 W",Hagerstown,MD,70,3.659,39.6562909,-77.7505146
6578,PILOT TRAVEL CENTER #909- TOWN PUMP,"I-15 & US-2, EXIT 363",Shelby,MT,815,3.63566666,48.5073503,-111.8584723
6588,TOWN PUMP FOOD STORE #4300,"I-90, EXIT 249",Whitehall,MT,786,3.659,45.8721361,-112.0875362
6593,LITTLE AMERICA TRAVEL CENTER,"I-40, EXIT 198",Flagstaff,AZ,930,3.539,35.1972763,-111.6490505
6607,TRANSIT TRUCK STOP,"I-97, EXIT 10",Millersville,MD,22,3.46566666,39.0566801,-76.6441378
6608,7-ELEVEN #35560,SR-16,Charlotte,NC,46,3.999,35.2412292,-80.8226636
6628,FLYING J TRAVEL PLAZA #682,"I-85, EXIT 150",Haw River,NC,65,3.94233333,36.099101,-79.345168
6632,TA SAVANNAH TRAVEL CENTER,"I-95/SR-405,  EXIT 87 & US-17/SR-25",Richmond Hill,GA,195,3.35066666,31.9215642,-81.2776329
6633,BAKER TRUCK CORRAL,"I-84, EXIT 304",Baker City,OR,982,3.42566666,44.7767926,-117.8325244
6640,PETRO STOPPING CENTER JOHNSTOWN,"I-25, EXIT 254",Johnstown,CO,800,3.42733333,40.3292904,-104.9110451
6642,TA VERO BEACH TRAVEL CENTER #197,"I-95/SR-9, EXIT 147 & SR-60",Vero Beach,FL,95,3.484,27.7604323,-80.3961642
6646,FAMILY EXPRESS #35 (DISCOUNT AVAILABLE),"I-65, EXIT 215 & SR-114",Rensselaer,IN,365,3.13233333,40.9431733,-87.1549395
6655,BP DBA TA ELKTON TRAVEL CENTER,"I-95,  EXIT 109B",Elkton,MD,150,4.969,39.6132729,-75.8314991
6659,GURNEE TRUCK STOP,US-41,Gurnee,IL,290,3.289,42.3892826,-87.957907
6663,TA of Mocksville,"I-40, EXIT 170 & US-601",Mocksville,NC,46,3.699,35.9050437,-80.5799096
6677,ROADWAY TRAVEL CENTER,"I-29, EXIT 73",Sioux Falls,SD,530,3.199,43.5827346,-96.7412031
6693,SAPP BROS TRAVEL CENTER,US-77,Fremont,NE,486,3.34566666,41.4452158,-96.4751355
6701,JACKS TRUCK STOP,"I-65, EXIT 304 & SR-69",Cullman,AL,615,3.999,34.1748408,-86.8435802
6704,FL Roberts,"I-91, EXIT 24",Whately,MA,100,3.559,42.444836,-72.625765
6721,STAMART 1222,"I-29, EXIT 64",Fargo,ND,341,3.38566666,46.8809859,-96.785124
6725,TA EXPRESS GRAND FORKS #948,"I-29, EXIT 141 & US-2",Grand Forks,ND,355,3.539,47.9252104,-97.0306325
6734,TOMAHAWK TRUCK STOP,"I-25, EXIT 128",Fountain,CO,803,3.299,40.2222596,-87.3352894
6742,Holiday #3810,"I-94/US-52, EXIT 178 & SR-24",Clearwater,MN,453,3.22066666,47.5163154,-95.395779
6744,FLYING J #550,US-2/US-52,Minot,ND,273,3.93566666,48.236088,-101.298749
6745,TIGER TRUCK STOP,"I-10, EXIT 139",Grosse Tete,LA,600,3.059,30.4093609,-91.4292767
6755,PETRO STOPPING CENTER #326,"I-40, EXIT 161 & SR-391",North Little Rock,AR,695,3.20733333,34.8322459,-92.2597576
6760,BETTY BEAVERS TRUCKSTOP,"I-87, EXIT 32",Lewis,NY,12,3.719,43.471389,-75.529167
6765,CIRCLE C TRAVEL PLAZA,"I-95, EXIT 68 & SR-61",Walterboro,SC,195,3.079,32.902115,-80.6645466
6806,Onvo Travel Plaza,"I-78/US-22, EXIT 45 & SR-863",Kutztown,PA,90,3.32733333,40.5230087,-75.7684922
6810,TA RICHMOND,"I-95, EXIT 89 & SR-802",Ashland,VA,180,3.60566666,37.7596152,-77.4812266
6811,PUMP & PANTRY #24,US-6/CR-74,Hastings,NE,330,3.399,40.5996775,-98.3885048
6823,PETRO STOPPING CENTER #301,"I-10, EXIT 37",El Paso,TX,640,3.124,31.7601164,-106.4870404
6840,PETRO DEMING,"I-10, EXIT 68",Deming,NM,640,3.38566666,32.2719247,-107.754319
6842,FLYNNS TRUCK PLAZA,"US-20, EXIT 11 & SR-140",Shrewsbury,MA,175,3.61566666,42.2754098,-71.74665
6845,NEBRASKALAND TIRE SHOP,"I-80, EXIT 237 & US-283",Lexington,NE,330,2.999,40.7848572,-99.7408243
6857,TA SPARKS TRAVEL CENTER,"I-80, EXIT 19 & SR-659",Sparks,NV,966,3.899,39.5418698,-119.7604182
6859,PRIME STOP,US-81,Norfolk,NE,470,3.229,42.0282423,-97.417683
6864,JJS TRUCK STOP,"I-30, EXIT 106",Malvern,AR,695,3.31566666,34.3656591,-92.8136617
6885,GO MART FOOD STORE #31,"I-77, EXIT 95 & SR-61",Charleston,WV,44,3.499,38.3462151,-81.6384589
6886,PWI #535,"I-70, EXIT 47",Palisade,CO,800,3.379,39.1056422,-108.352213
6897,Speedee Mart #2890,US-20 & US-83,Valentine,NE,475,3.329,42.8863189,-100.5484946
6901,PRIME STOP,US-275,Wisner,NE,470,3.259,41.9872061,-96.9137613
6915,FLITE LINE SUNOCO,"I-95, EXIT 3",Portsmouth,NH,34,3.69566666,43.0573892,-70.7919012
6927,TORCH 85 TRUCK PLAZA,"I-85, EXIT 42",Tuskegee,AL,720,3.27233333,32.4301095,-85.7067335
6944,CROSSROADS TRUCK STOP,"I-82, EXIT 1 & US-730",Umatilla,OR,982,3.239,45.9173549,-119.342517
6948,PILOT #4563,"I-8I, EXIT 77",Harrisburg,PA,70,3.869,40.2639062,-76.847557
6951,ARROWHEAD TRAVEL PLAZA,"I-84, EXIT 216 & SR 331,",Pendleton,OR,982,3.259,45.6704418,-118.8100511
6960,FLYING J TRAVEL PLAZA #761,"I-80 & US-189, EXIT 3",Evanston,WY,835,3.699,41.2805858,-110.9598915
6961,LITTLE AMERICA,"I-80, EXIT 358 & I-25, EXIT 9 & US-30",Cheyenne,WY,795,3.709,41.1628671,-104.7873611
6962,LITTLE AMERICA TRAVEL CENTER,"I-80, EXIT 68 & SR-374",Little America,WY,835,3.52566666,41.5442774,-109.8576369
6963,Atlantis Fresh Market #553,"I-84, EXIT 1",Montague,NJ,120,3.509,41.3069623,-74.8001203
6968,R STORE #4513,US-41,Fond Du Lac,WI,360,3.299,43.7748763,-88.4458033
6971,KWIK TRIP #1013,"I-41, EXIT 57 & SR-167",Richfield,WI,444,3.39066666,43.261301,-88.255928
6976,MOASIS TRUCK CENTER,US-41,Little Chute,WI,444,3.199,44.2747096,-88.2970505
6984,TA HURRICANE TRAVEL CENTER,"I-64, EXIT 39 & SR-34",Hurricane,WV,255,3.63233333,38.4380175,-82.0049059
6986,LOVES TRAVEL STOP #448,"I-5, EXIT 136B, SR-509",Tacoma,WA,977,4.589,47.2419933,-122.4205961
6987,One9 #965,"I-90, EXIT 109 & US-97",Ellensburg,WA,977,3.859,46.9947143,-120.5492098
6992,FLYING J #1169,"I-5, EXIT 99",Tumwater,WA,977,4.599,47.0021084,-122.9225756
6994,FLYING J FRANCHISE #967,"I-90, EXIT 286",Spokane,WA,970,4.059,47.6571934,-117.42351
6999,SIMMONS TRAVEL CENTER,"I-85, EXIT 4 & SR-93/SR-903",Bracey,VA,180,3.099,36.578484,-78.1157892
7003,TA ASHLAND TRAVEL CENTER,"I-95, EXIT 92 & SR-54",Ashland,VA,180,3.64233333,37.7596152,-77.4812266
7004,FRANKS TRUCKING CENTER,"I-264, EXIT 13B",Chesapeake,VA,130,3.449,36.7873527,-76.2557025
7005,PETRO STOPPING CENTER,"I-81 & I-64, EXIT 205",Raphine,VA,185,3.659,37.930866,-79.214874
7007,KUM & GO #0201,"I-80, EXIT 242",Coralville,IA,380,3.294,41.6742145,-91.5703527
7013,ERNIES TRUCK PLAZA,"I-15, EXIT 112",Beaver,UT,910,3.399,38.2765305,-112.640278
7016,TA SALT LAKE CITY TRAVEL CENTER,"I-80, EXIT 99",Tooele,UT,835,3.769,40.5307776,-112.29828
7018,FLYING J TRAVEL PLAZA #746,"I-15 & I-80 SR 201, EXIT 305",Salt Lake City,UT,835,3.73233333,40.7769244,-111.9054287
7023,TA AMARILLO WEST TRAVEL CENTER,"I-40, EXIT 74",Amarillo,TX,585,3.279,35.20717,-101.83078
7037,SAMS TRUCK STOP,"I-10, EXIT 138",Van Horn,TX,640,3.999,31.0473616,-104.8397569
7045,BUBBLE CITY TRUCK STOP,US-64,Farmington,NM,614,3.70566666,36.7511079,-108.2052143
7051,PILOT #887,US-84 & US-180,Snyder,TX,575,3.24566666,32.7009975,-100.9300817
7056,TA SWEETWATER TRAVEL CENTER,"I-20, EXIT 242",Sweetwater,TX,575,3.15233333,32.4585785,-100.4225868
7058,YESWAY #1125,"I-27, EXIT 1C",Lubbock,TX,700,2.969,33.5855677,-101.8470215
7059,TA BIG SPRING TRAVEL CENTER,"I-20, EXIT 177 & US-87",Big Spring,TX,612,3.699,32.2193548,-101.475367
7064,SPEEDWAY #9804,"I-10, EXIT 25",El Paso,TX,640,3.41566666,31.7601164,-106.4870404
7066,REFUEL #328,"I-35,  EXIT 204",San Marcos,TX,595,2.999,29.876536,-97.9411966
7072,TA ANTIOCH TRAVEL CENTER,"I-24, EXIT 62",Antioch,TN,460,3.50566666,36.0470425,-86.5984515
7077,THE TENNESSEAN TRUCKSTOP,"I-65, EXIT 22 & US-31 ALT/SR-11",Cornersville,TN,460,3.799,35.3749708,-86.8357509
7078,TA DENMARK TRAVEL CENTER,"I-40 & SR-138, EXIT 68",Denmark,TN,435,3.539,35.5325766,-89.0006186
7080,ONE9 #1422,"I-40, EXIT 197",Moriarty,NM,580,3.11566666,34.9856069,-106.0484459
7082,Chevron,"I-65, EXIT 6",Ardmore,TN,460,3.599,34.9922618,-86.8436773
7084,Holiday StationStore #2746500,US-12 & US-281,Aberdeen,SD,248,3.114,45.4649805,-98.487813
7088,FLYING J FRANCHISE #931,"I-90, EXIT 61",Rapid City,SD,506,3.15733333,44.0448069,-103.0606801
7092,LOVES TRAVEL STOP #445,I-90 EXIT 399 & SR 115,Sioux Falls,SD,530,3.889,43.5827346,-96.7412031
7095,TA MANNING TRAVEL CENTER,"I-95, EXIT 119",Manning,SC,135,3.51733333,33.7020823,-80.2122131
7106,PILOT DEALER #1163,"I-80, EXIT 42",Emlenton,PA,165,4.03566666,41.1758598,-79.7081323
7112,TA HARRISBURG TRAVEL CENTER,"I-81, EXIT 77 & SR-39",Harrisburg,PA,70,3.81566666,40.2621497,-76.8776602
7116,TA MILESBURG TRAVEL CENTER,"I-80, EXIT 158",Milesburg,PA,14,4.049,40.9416705,-77.7891069
7121,TA BLOOMSBURG TRAVEL CENTER,"I-80, EXIT 232",Bloomsburg,PA,138,3.95733333,41.0089926,-76.4470361
7126,SAPP BROS TRAVEL CENTER,"I-80, EXIT 120",Clearfield,PA,14,3.899,41.0272796,-78.4391876
7129,TA BROOKVILLE TRAVEL CENTER,"I-80 EXIT 78, & SR-36",Brookville,PA,14,4.029,41.1700069,-79.0730131
7131,TA BREEZEWOOD TRAVEL CENTER,"I-76 & US30, EXIT 161",Breezewood,PA,14,4.299,39.9871627,-78.2518762
7135,PETRO STOPPING CENTER #336,"I-81, EXIT 52 & I-76, EXIT 226",Carlisle,PA,70,4.149,40.2104018,-77.1728836
7136,TA LAMAR TRAVEL CENTER,"I-80, EXIT 173 & SR-64",Lamar,PA,14,4.03566666,41.0843145,-77.4617853
7137,TA BARKEYVILLE TRAVEL CENTER,"I-80, EXIT 29 & SR-8",Harrisville,PA,165,4.044,41.1320599,-80.0060655
7147,JUBITZ TRAVEL PLAZA,"I-5, EXIT 307",Portland,OR,935,3.859,45.5118121,-122.6849306
7148,TA TROUTDALE TRAVEL CENTER,"I-84, EXIT 17",Troutdale,OR,935,3.93233333,45.5490674,-122.4031884
7154,TA OKLAHOMA CITY WEST TRAVEL CENTER,"I-40, EXIT 140",Oklahoma City,OK,483,3.30233333,35.4653376,-97.5128162
7156,TA OKLAHOMA CITY EAST TRAVEL CENTER,"I-40, EXIT 142",Oklahoma City,OK,483,3.30066666,35.4653376,-97.5128162
7169,TA YOUNGSTOWN TRAVEL CENTER,"I-80 & SR 46, EXIT 223",Youngstown,OH,573,3.444,41.1005327,-80.6571016
7170,TRUCK WORLD TRUCKSTOP,"I-80, EXIT 234",Hubbard,OH,573,3.259,41.1564262,-80.5688876
7172,TA TOLEDO EAST TRAVEL CENTER,"I-80 & I-280, EXIT 71",Perrysburg,OH,550,3.78066666,41.5192321,-83.653069
7173,SPEEDWAY #9954,"SR-17, EXIT 66",Apalachin,NY,32,3.999,42.065488,-76.1606547
7176,TA DAYTON TRAVEL CENTER,"I-70,  EXIT 10 & US-127",Eaton,OH,317,3.40066666,41.3062025,-82.0111347
7180,TA HebronTravel Center,"I-70, EXIT 126 & SR-37",Hebron,OH,315,3.38233333,39.9621368,-82.4777583
7183,TA KINGSVILLE TRAVEL CENTER,"I-90, EXIT 235 & SR-193",Kingsville,OH,305,3.88233333,41.890774,-80.6766179
7184,TA JEFFERSONVILLE EAST TRAVEL CENTER,"I-71, EXIT 65 & SR-435 & US-35",Jeffersonville,OH,315,3.32733333,39.6560153,-83.5639405
7189,S and R Truck Plaza,"I-94, EXIT 260",Jamestown,ND,390,3.58566666,46.9276783,-98.6781353
7196,SALUDA TRUCK PLAZA,"I-26, EXIT 28",Saluda,NC,210,3.099,35.2441599,-82.3510397
7197,7-ELEVEN #35115,"I-90, EXIT 42",Phelps,NY,190,4.049,42.957564,-77.057471
7198,LOVES TRAVEL STOP #507,"I-85, EXIT 71",Salisbury,NC,46,3.51066666,35.6673431,-80.4662005
7213,SENECA ONE STOP,"I-90, EXIT 58",Irving,NY,38,2.899,42.5649255,-79.1110145
7215,TA FULTONVILLE TRAVEL CENTER,"I-90, EXIT 28",Fultonville,NY,12,4.039,42.9463199,-74.3686733
7216,ONVO TRAVEL PLAZA - LOUNSBERRY,"SR-17, EXIT 63",Nichols,NY,220,3.399,42.0217121,-76.3668922
7220,CUMBERLAND FARMS #001662,US-9W/SR-32,Glenmont,NY,12,3.799,42.599024,-73.776364
7225,LOVES TRAVEL STOP #329,US-60,Clovis,NM,593,4.089,34.4031784,-103.1653315
7226,TA LAS CRUCES TRAVEL CENTER,"I-10, EXIT 139",Las Cruces,NM,640,3.14066666,32.2918861,-106.7691198
7227,NATIONAL TRUCK STOP,"I-10, VADO EXIT 155",Vado,NM,640,2.999,32.125287,-106.6408297
7228,MAVERIK COUNTRY STORE #638,"I-40, EXIT 159D & I-25/US-85, EXIT 227",Albuquerque,NM,580,3.20733333,35.0834079,-106.647296
7229,TA GALLUP TRAVEL CENTER,"I-40, EXIT 16 & HWY 66",Gallup,NM,580,3.43233333,35.5164425,-108.7793565
7230,DEMING TRUCK STOP,"I-10, EXIT 81",Deming,NM,640,2.899,32.2719247,-107.754319
7234,TA BLOOMSBURY TRAVEL CENTER,"I-78/US-22, EXIT 7 & SR-173",Bloomsbury,NJ,115,3.79066666,40.6555322,-75.0886044
7237,TA COLUMBIA TRAVEL CENTER,"I-80, EXIT 4 & SR-94",Columbia,NJ,115,4.099,40.9257935,-75.0941913
7239,TA PAULSBORO TRAVELCENTER,"I-295, EXIT 18A",Paulsboro,NJ,150,3.999,39.8367596,-75.2447086
7240,Pilot Travel Centers #190,"I-78, EXIT 12 & US-22",Hampton,NJ,105,3.809,40.7073462,-74.9584125
7244,TA LAS VEGAS TRAVEL CENTER,"I-15, EXIT 33",Las Vegas,NV,910,3.73566666,36.1150468,-115.1729999
7248,WILD WILD WEST TRAVEL PLAZA,"I-15, EXIT 37",Las Vegas,NV,910,3.76733333,36.1150468,-115.1729999
7264,TA GRAND ISLAND WEST TRAVEL CENTER,"I-80, EXIT 305",Alda,NE,330,3.169,40.877684,-98.474192
7265,Fast Stop Travel Centers #1151,"I-80, EXIT 164 & CR-56C",Hershey,NE,475,3.499,41.1624291,-101.0096592
7267,TA OGALLALA TRAVEL CENTER,"I-80, EXIT 126",Ogallala,NE,475,3.46566666,41.1350393,-101.723875
7268,SAPP BROS TRAVEL CENTER,"I-80, EXIT 440 & SR-50, EXIT 440",Omaha,NE,486,3.28066666,41.2500119,-95.9273854
7282,ALLTOWN FRESH,"I-87, EXIT 17N & US-9",Fort Edward,NY,12,3.759,43.267206,-73.584709
7284,MURALTS TRUCK PLAZA,"I-90, EXIT 96 & US-93/SR-200",Missoula,MT,820,3.609,46.8701049,-113.995267
7285,SENECA ONE STOP,"SR-17, EXIT 20",Salamanca,NY,38,3.309,42.1606831,-78.7119767
7286,TA MISSOULA,"I-90, EXIT 96 & US-93",Missoula,MT,820,3.699,46.8701049,-113.995267
7289,TA STRAFFORD,"I-44, EXIT 88 & SR-125",Strafford,MO,535,3.36566666,37.2717507,-93.1203272
7293,TA Matthews Travel Center,"I-55, EXIT 58 & SR-80",Matthews,MO,574,3.20566666,36.7498149,-89.5821847
7299,GASPERS - FAST LANE,"I-70, EXIT 148 & US-54",Kingdom City,MO,392,2.959,38.9431252,-91.9337843
7300,B AND D AUTO TRUCK PLAZA,"I-44, EXIT 127",Lebanon,MO,416,3.099,37.649136,-92.6518298
7310,AAA HOSPITALITY,"I-55, EXIT 220",Tillatoba,MS,435,2.784,33.9848352,-89.8967554
7312,208 FUEL PLAZA,"I-70, EXIT 208",Belmont,OH,430,3.419,40.0292374,-81.0389883
7314,TA MERIDIAN TRAVEL CENTER,"I-20 & I-59, EXIT 160",Meridian,MS,705,2.91233333,32.3639425,-88.6964691
7323,TRUCKERS INN,"I-94/US-52, EXIT 127 & US-71",Sauk Centre,MN,453,3.22566666,45.733419,-94.9518911
7326,PETRO STOP #398,"I-35 & I-90, EXIT 11",Albert Lea,MN,515,4.099,43.6800949,-93.3673764
7327,TA TEKONSHA,"I-69,EXIT 25 & SR-60",Tekonsha,MI,385,3.599,42.0933791,-84.9858051
7331,SPEEDWAY #9266,US-52 & SR-234,Ironton,OH,255,3.699,38.5252207,-82.669605
7332,FLYING J #895,"I-75, EXIT 32A",Trenton,MI,325,3.559,42.1425731,-83.2013882
7335,TA SAWYER TRAVEL CENTER,"I-94, EXIT 12",Sawyer,MI,465,3.699,41.885554,-86.600053
7337,TA BATTLE CREEK,"I-94, EXIT 104",Battle Creek,MI,385,4.039,42.3181387,-85.1879589
7341,INTERSTATE TRAVEL PLAZA,"I-495, EXIT 14A & US-1",Wrentham,MA,175,3.699,42.0837545,-71.3182184
7344,BEST QUICK STOP,US-1,Peabody,MA,178,3.61566666,42.5450241,-70.9746406
7353,DYSARTS SERVICE,"I-95, EXIT 44",Bangor,ME,26,3.799,44.7938925,-68.7731754
7354,CIRCLE K #4707065,"I-95, EXIT 2",Kittery,ME,125,3.899,43.092815,-70.7420138
7357,TA SLIDELL TRAVEL CENTER,"I-10, EXIT 266 & US-190",Slidell,LA,725,3.154,30.2784551,-89.782521
7360,KINGS TRUCK STOP,ST 103,Port Barre,LA,600,3.189,30.5464711,-91.9638619
7364,Petro Stopping Center,"I-80, EXIT 226",Girard,OH,573,3.45233333,41.1936747,-80.6925793
7370,TA SMITHS GROVE,"I-65, EXIT 38 & SR-101",Smiths Grove,KY,415,3.43233333,37.0608933,-86.2099497
7371,One9 #392,"I-65, EXIT 81 & SR-84",Sonora,KY,415,3.19566666,37.523864,-85.8922306
7372,TA WALTON #28,"I-75/I-71, EXIT 175 & SR-338",Walton,KY,300,3.00233333,38.8676812,-84.6045118
7385,WAKEENEY 24 7 STORE #3,"I-70/US-40, EXIT 127 & US-283",Wakeeney,KS,525,3.09066666,39.0266105,-99.8830709
7387,TA Oakley,"I-70, EXIT 76 & US-40/US-83",Oakley,KS,525,3.649,39.1316901,-100.8560315
7389,GO MART FOOD STORE #58,"I-77, EXIT 1 & SR-7",Marietta,OH,430,3.799,39.416095,-81.4484225
7396,7-ELEVEN #36180,US-20/SR-18,Monroeville,OH,550,3.614,41.2419632,-82.6948968
7398,FLYING J #913,"I-80, EXIT 142 & US-65",Altoona,IA,320,3.35566666,41.6544939,-93.4756305
7403,FUEL MART #714,"I-75, EXIT 168",North Baltimore,OH,550,3.11233333,41.1818976,-83.6826465
7406,PILOT TRAVEL CENTER #594,"I-29, EXIT 143",Sioux City,IA,527,3.60566666,42.5064453,-96.4274832
7407,TA IOWA 80 TRAVEL PLAZA,"I-80, EXIT 284",Walcott,IA,270,3.90233333,41.6175358,-90.7796253
7408,FRIENDSHIP FOOD MART #99,US-224 & SR-61/SR-598,Willard,OH,249,3.63233333,41.0462594,-82.7296309
7410,PILOT TRAVEL CENTERS #373,"I-35 & I-80, EXIT 126",Urbandale,IA,320,3.35566666,41.6264666,-93.7085654
7412,PETRO STOPPING CENTER #374,"I-69, EXIT 245 & SR-28",Gaston,IN,457,3.53566666,40.3149882,-85.4989016
7416,GOOD TO GO #40,"I-65, EXIT 215 & SR-114",Rensselaer,IN,290,3.20066666,40.9431733,-87.1549395
7418,JJS TRAVEL PLAZA,US-31 & US-24,Peru,IN,370,3.444,40.7455974,-86.0569363
7425,Petro Brazil,"I-70,  EXIT 23",Brazil,IN,375,3.989,39.51283,-87.135517
7435,PETRO STOPPING CENTER #375,"I-65, EXIT 201 & US-231/US-24",Remington,IN,365,3.699,40.7620343,-87.1507363
7436,TA WHITESTOWN,"I-65/US-52, EXIT 130",Whitestown,IN,375,3.57066666,39.9947826,-86.3461269
7437,PETRO STOPPING CENTER #379,"I-74,  EXIT 143",Greensburg,IN,375,3.999,39.3413153,-85.4682843
7457,TA EFFINGHAM TRAVEL CENTER,"I-57 & I-70, EXIT 160",Effingham,IL,574,3.349,39.1201433,-88.54348
7469,PILOT TRAVEL CENTERS #313,"I-70/I-55, EXIT 4 & SR-203",East Saint Louis,IL,540,3.439,38.6221295,-90.1554019
7482,TA BOISE TRAVEL CENTER,"I-84, EXIT 54",Boise,ID,785,3.77066666,43.6078846,-116.1946012
7492,Mobil dba One9 #1365,"I-85, EXIT 70",Cusseta,AL,720,2.999,32.787332,-85.3028813
7504,TEXACO,"I-75, EXIT 306 & SR-140",Adairsville,GA,193,3.10566666,34.3402189,-84.9173957
7506,CHAPMANS TRUCK STOP,"I-85 & SR-219, EXIT 13",Lagrange,GA,50,3.91566666,33.033811,-85.0467503
7523,EXPRESS STOP FOOD STORE #4644,"I-75, EXIT 181",Pinconning,MI,260,3.639,43.8444842,-84.0209908
